"","GeoFips","GeoName","Description","2008","2009","2010","2011","2012","2013","2014","2015","2016","2017","2018","2019","2020","2021"
"1",1000,"Alabama","GDP","(NA)","(NA)","(NA)","(NA)","(NA)","(NA)","(NA)","(NA)","(NA)",216615.5,220808.8,224944.6,222081.4,231892.6
"2",1000,"Alabama","PCE","154136.2","154251.7","152978.9","154000.3","153964.4","156274.7","158801.9","164127.8","165559.2",171213.9,180919.8,182791.4,182200.5,196126.6
"3",1000,"Alabama","Regional price parities","89.757","88.685","90.772","90.849","91.156","90.932","91.005","90.259","91.122",89.938,87.154,88.288,87.451,88.139
"4",1000,"Alabama","employment","2582600","2479511","2460305","2497974","2503656","2523020","2552256","2587641","2619761",2649222,2692424,2712086,2671005,2769464
"5",1000,"Alabama","healthcare expenditure","21228.1","22005.8","22563.3","23028.2","24017.4","24711.4","25388.9","26758.8","28152.3",28800.4,29643.3,31316.5,30123,33720.7
"6",1000,"Alabama","personal income","187336.6","187152.4","187279.9","189172.7","190450.8","190336.3","193661.1","203544.4","203118.8",209348.5,219468.5,223626.5,239485,246873.9
"7",NA,"Alabama","population",NA,NA,NA,NA,NA,NA,NA,NA,NA,NA,4887681,4903185,5031362,5049846
"8",2000,"Alaska","GDP","(NA)","(NA)","(NA)","(NA)","(NA)","(NA)","(NA)","(NA)","(NA)",53550.9,52479.6,52325.3,50344.6,51021.8
"9",2000,"Alaska","PCE","27132.4","27160.9","28769.3","29231.9","30101","30479.9","30847.5","31106.5","31276.5",31655.1,32365.2,33391.5,31986.2,32965.8
"10",2000,"Alaska","Regional price parities","106.228","107.289","103.817","105.107","103.55","102.644","103.412","104.43","105.048",104.947,104.514,102.82,100.789,104.439
"11",2000,"Alaska","employment","443602","442505","443940","450420","459282","461205","461371","461707","457142",455550,454776,454743,430840,443047
"12",2000,"Alaska","healthcare expenditure","4792.6","5093.4","5449.4","5764.5","6018.3","6119.9","6376.4","6657","6926.9",7187.9,7541.3,7907.7,7150,7986
"13",2000,"Alaska","personal income","32874.4","32771.5","35717.2","36862.9","37973.4","37516.9","38785.7","39586.9","38320.5",38217.1,38939.2,39945.8,41161.8,40052.1
"14",NA,"Alaska","population",NA,NA,NA,NA,NA,NA,NA,NA,NA,NA,735139,731545,732923,734182
"15",4000,"Arizona","GDP","(NA)","(NA)","(NA)","(NA)","(NA)","(NA)","(NA)","(NA)","(NA)",333099,346398.3,359645.7,362603.5,390805.2
"16",4000,"Arizona","PCE","203225.2","195775.7","203890.8","208613.8","213104.3","215761.2","224210.8","232655.5","237126.1",249233.4,258796.1,267067.3,261631.1,291985
"17",4000,"Arizona","Regional price parities","102.793","103.615","100.639","99.287","98.414","98.764","98.052","97.901","98.968",97.78,97.517,97.847,99.323,96.721
"18",4000,"Arizona","employment","3402806","3228516","3181563","3239037","3295532","3371101","3448146","3547647","3644791",3740747,3854741,3929945,3920033,4086802
"19",4000,"Arizona","healthcare expenditure","27571.5","28951.9","30325.9","31049.7","32156.4","32890.1","33992.1","35977.8","38181.7",40520.8,42852,45499,45128.6,50379.6
"20",4000,"Arizona","personal income","231774.7","218472.1","225397.5","233946.5","241983.9","243833.1","255373.4","268726","274244.5",289284,300700.1,316996.3,341318.5,362113.5
"21",NA,"Arizona","population",NA,NA,NA,NA,NA,NA,NA,NA,NA,NA,7158024,7278717,7179943,7264877
"22",5000,"Arkansas","GDP","(NA)","(NA)","(NA)","(NA)","(NA)","(NA)","(NA)","(NA)","(NA)",123882.6,126371.2,127216,128061.2,135568.8
"23",5000,"Arkansas","PCE","89781","90924.3","90722.8","91681.6","92789.1","93304.1","95551.4","98626.6","100875.9",104587.2,107664.2,108010.5,106700.2,114240.3
"24",5000,"Arkansas","Regional price parities","88.996","87.468","89.517","90.278","90.033","90.19","89.904","89.827","89.845",88.259,87.199,87.72,88.356,89.445
"25",5000,"Arkansas","employment","1579250","1542904","1541250","1561929","1565109","1569358","1587408","1610799","1629734",1639903,1658212,1663920,1639829,1686444
"26",5000,"Arkansas","healthcare expenditure","12858.3","13352.7","13670.8","14016.5","14514.5","14593.8","15254.8","16224.4","17480.4",18354.2,18790.7,19817.7,19032.3,21118.2
"27",5000,"Arkansas","personal income","110733.8","110960.1","110504.6","113831.2","119990","118709.1","124218.9","128392.7","130467.1",134179.6,137986.9,138377.8,145094.2,148568.7
"28",NA,"Arkansas","population",NA,NA,NA,NA,NA,NA,NA,NA,NA,NA,3009733,3017804,3014195,3028122
"29",6000,"California","GDP","(NA)","(NA)","(NA)","(NA)","(NA)","(NA)","(NA)","(NA)","(NA)",2740550.3,2850970.3,2962792.1,2925146.9,3146185.3
"30",6000,"California","PCE","1240533.2","1212345.9","1244599.8","1268693.6","1291539.4","1315157.1","1355802.4","1403629.5","1460675.2",1478265.7,1513063.9,1571307.1,1486155.4,1611323.6
"31",6000,"California","Regional price parities","109.949","109.211","108.281","108.046","108.473","108.26","108.341","109.26","108.544",110.882,111.896,110.989,111.919,111.797
"32",6000,"California","employment","20654365","19837727","19642544","19986185","20666919","21318697","21996861","22687175","23177961",23548874,24077466,24225068,23154091,23934549
"33",6000,"California","healthcare expenditure","179589.6","189772.1","198184.7","207814.3","216641.2","225992.5","238112.9","258600.4","272200.1",287450,306125.6,324756.6,309269.8,347185
"34",6000,"California","personal income","1539207.5","1501979.6","1559084.1","1619420.1","1686834.4","1694852.2","1779397.6","1889769","1966517.8",1976276.1,2010956.5,2108670.2,2250420.2,2332657.6
"35",NA,"California","population",NA,NA,NA,NA,NA,NA,NA,NA,NA,NA,39461588,39512223,39501653,39142991
"36",8000,"Colorado","GDP","(NA)","(NA)","(NA)","(NA)","(NA)","(NA)","(NA)","(NA)","(NA)",350209.1,365204.5,383596,380921.9,406961.5
"37",8000,"Colorado","PCE","177563.7","177338","182970.1","182772.4","184107","189499.1","198894","208802.8","219237",225746.5,239443.8,242286.3,235846.2,260464.8
"38",8000,"Colorado","Regional price parities","102.979","102.001","100.291","102.45","102.875","102.989","102.218","102.731","102.252",102.979,100.162,102.419,103.871,103.009
"39",8000,"Colorado","employment","3251120","3164474","3143662","3204104","3262912","3357156","3467715","3574253","3666709",3760708,3857981,3894748,3821481,3988907
"40",8000,"Colorado","healthcare expenditure","23364.5","24719.4","25744.9","26405.6","27194.9","28256.5","30129.9","32700.2","34557.9",36192.7,38352.2,40243,37992.7,42444.1
"41",8000,"Colorado","personal income","216435.6","208055.8","214698.7","222534.8","230469.6","239354.9","258427.2","269350.2","272577.8",284013.5,306574.3,317157.4,328502.3,346082.1
"42",NA,"Colorado","population",NA,NA,NA,NA,NA,NA,NA,NA,NA,NA,5691287,5758736,5784865,5811297
"43",9000,"Connecticut","GDP","(NA)","(NA)","(NA)","(NA)","(NA)","(NA)","(NA)","(NA)","(NA)",273875.1,274582.8,274219.4,258625,268846.7
"44",9000,"Connecticut","PCE","140936.9","137852","143715.2","143484.1","144931.2","145260.4","148397.9","151337.9","153123.5",154003.8,160903.6,162109,154420.4,169604.7
"45",9000,"Connecticut","Regional price parities","109.205","109.135","106.013","106.902","106.36","106.73","106.431","106.393","106.54",107.134,104.116,103.721,104.922,102.603
"46",9000,"Connecticut","employment","2256077","2196171","2171940","2206253","2223243","2246505","2266061","2288144","2301331",2300273,2314465,2297910,2217432,2289551
"47",9000,"Connecticut","healthcare expenditure","21490.8","22530","23370.6","24118.1","24660.8","25177.1","25919.8","26586.5","27696.3",28207,29197.1,30334.2,29082.3,32072.1
"48",9000,"Connecticut","personal income","210068.8","207360.5","218099.9","216526.2","217654.9","209363.6","216507.8","222029.2","223770.1",222843.5,234057.1,239455.9,243003.3,253919.7
"49",NA,"Connecticut","population",NA,NA,NA,NA,NA,NA,NA,NA,NA,NA,3571520,3565287,3597362,3623355
"50",10000,"Delaware","GDP","(NA)","(NA)","(NA)","(NA)","(NA)","(NA)","(NA)","(NA)","(NA)",69555.6,70856.4,74597.4,72550.3,74436.7
"51",10000,"Delaware","PCE","34665.5","33856.8","34709.2","35504.1","36160.8","36877.9","37067.4","38792.6","39313.9",40037,41022.4,42116.9,42042.5,45411.7
"52",10000,"Delaware","Regional price parities","100.792","101.927","101.639","100.796","99.545","98.816","100.081","98.745","99.058",98.585,99.214,98.779,96.542,97.677
"53",10000,"Delaware","employment","544865","525596","522361","530360","534253","544691","556449","568832","578605",584693,597021,602766,592126,620352
"54",10000,"Delaware","healthcare expenditure","5360.3","5596.7","5999.2","6302","6496.2","6777.8","7155.7","7546.6","7759.7",8121.9,8523.5,8896.2,8471.5,9508.1
"55",10000,"Delaware","personal income","38056","38051.2","37908.6","40406.2","40635.3","41092","41848.1","44484","45113",46479.4,47743.6,49097.1,52229.5,53406
"56",NA,"Delaware","population",NA,NA,NA,NA,NA,NA,NA,NA,NA,NA,965479,973764,992114,1004807
"57",11000,"District of Columbia","GDP","(NA)","(NA)","(NA)","(NA)","(NA)","(NA)","(NA)","(NA)","(NA)",134298.8,138056.8,138867.4,137762.3,142676.3
"58",11000,"District of Columbia","PCE","31291.8","30696.5","31301.8","32139.2","33181.8","33363.9","34214.6","35830.8","37420.6",38554.6,39360.6,40786.4,38602,41045.4
"59",11000,"District of Columbia","Regional price parities","111.876","112.264","113.086","112.393","110.715","113.246","113.385","112.448","110.691",110.107,111.709,109.546,111.256,111.271
"60",11000,"District of Columbia","employment","794904","795923","809128","826749","834391","848230","860668","873204","892796",902843,914319,915212,866085,869738
"61",11000,"District of Columbia","healthcare expenditure","5062.5","5318.7","5555.2","5888.4","6072.5","6220.8","6408.9","6791.7","7007.2",7083,7302.1,7549,7075.5,7861.7
"62",11000,"District of Columbia","personal income","33511.5","33775","35446.5","37571.3","38903.1","38121.6","40155.8","43487.4","45795.5",46756.8,46973,48432.6,50237.2,50398.4
"63",NA,"District of Columbia","population",NA,NA,NA,NA,NA,NA,NA,NA,NA,NA,701547,705749,670868,668791
"64",12000,"Florida","GDP","(NA)","(NA)","(NA)","(NA)","(NA)","(NA)","(NA)","(NA)","(NA)",1014866.9,1050433.8,1079271,1068377.5,1164778.2
"65",12000,"Florida","PCE","666726.3","655278.8","667768.5","679275.7","691302.8","705794.5","733711.4","767136.1","791447.7",816441,851835.6,878524.3,853048.5,941446.9
"66",12000,"Florida","Regional price parities","101.779","100.873","100.774","101.224","101.29","101.015","101.035","101.517","101.479",100.959,100.463,99.843,100.713,101.43
"67",12000,"Florida","employment","10269510","9841868","9805140","10036679","10249034","10539527","10937534","11367164","11682273",12098388,12556216,12761155,12719592,13458025
"68",12000,"Florida","healthcare expenditure","94992.6","99509.5","103452.5","106262.6","111179.4","112467.4","118450.1","126311.2","132295.5",138238,146244.9,153880.3,146484.6,169237.8
"69",12000,"Florida","personal income","761128.9","724751.6","760220.1","777404.8","791477.4","785341.8","829811.8","880225.7","904603.2",958599,1002847.5,1063735.1,1107489.2,1160013.8
"70",NA,"Florida","population",NA,NA,NA,NA,NA,NA,NA,NA,NA,NA,21244317,21477737,21589602,21828069
"71",13000,"Georgia","GDP","(NA)","(NA)","(NA)","(NA)","(NA)","(NA)","(NA)","(NA)","(NA)",583543.3,600934.7,620792.4,602321.8,639236
"72",13000,"Georgia","PCE","314573.7","315539","311177.6","321061.5","320127","328386.8","339990.6","353783","363854.3",376182.3,390255.1,400908.4,390983.9,424021.6
"73",13000,"Georgia","Regional price parities","94.78","92.3","95.152","94.049","95.706","95.311","95.327","95.095","95.503",95.309,94.763,94.313,94.417,95.784
"74",13000,"Georgia","employment","5451004","5247101","5211443","5325710","5384734","5497190","5671135","5832928","5973764",6128089,6287460,6398989,6326647,6639656
"75",13000,"Georgia","healthcare expenditure","39770.4","41550.8","42602.7","43887.7","46264.3","48348","50537.5","54445.7","57903",60016.7,63029.7,67634.9,65564.3,74576.3
"76",13000,"Georgia","personal income","377128.3","380311.4","371842.1","391834.2","388674.5","390997.7","411246.1","436653.2","447343.6",465347.3,481891.4,504912.8,533033.1,545636.2
"77",NA,"Georgia","population",NA,NA,NA,NA,NA,NA,NA,NA,NA,NA,10511131,10617423,10729828,10788029
"78",15000,"Hawaii","GDP","(NA)","(NA)","(NA)","(NA)","(NA)","(NA)","(NA)","(NA)","(NA)",87436.4,88836.4,88945.3,79592.5,84121.5
"79",15000,"Hawaii","PCE","45285.6","44100.3","45523.9","46270.5","47457.9","47315.7","48787.4","49652.2","51013.8",52234.7,53750.2,54559.9,51114.6,54126.6
"80",15000,"Hawaii","Regional price parities","109.726","112.207","110.051","109.982","109.249","111.706","110.776","111.441","110.641",110.449,110.836,111.634,112.709,113.227
"81",15000,"Hawaii","employment","858384","829885","824450","834994","849130","868191","882702","901126","914921",921135,924352,914019,817697,861096
"82",15000,"Hawaii","healthcare expenditure","6687.3","6976.4","7064.3","7239.7","7431","7726.7","8081.9","8662","8981.2",9466.1,9994.7,10653.1,10403.9,11259.5
"83",15000,"Hawaii","personal income","54073.7","52489.3","53937","54991","56425.2","55295.9","58020.5","60244.1","62241.1",63795.1,63589.7,65080.5,66553.5,67312.3
"84",NA,"Hawaii","population",NA,NA,NA,NA,NA,NA,NA,NA,NA,NA,1420593,1415872,1451043,1447154
"85",16000,"Idaho","GDP","(NA)","(NA)","(NA)","(NA)","(NA)","(NA)","(NA)","(NA)","(NA)",72935.1,77652.1,81261.3,82818.6,87992.9
"86",16000,"Idaho","PCE","46620.8","45332.6","47209.9","47252.2","48271.2","49492.4","50586","52448.5","55554.7",57181.6,61798.4,62895.5,64395.2,71190.1
"87",16000,"Idaho","Regional price parities","95.13","95.412","93.148","94.444","93.586","93.421","94.196","94.44","92.82",94.507,91.682,92.475,90.959,91.776
"88",16000,"Idaho","employment","921093","880489","868683","878537","883162","903016","925548","949392","976719",1007831,1041387,1063687,1077864,1137618
"89",16000,"Idaho","healthcare expenditure","6277.3","6659.4","7001.1","7460","7779.9","8023.8","8459.6","8958.5","9432.8",9931.1,10429.1,10914.2,10578.4,12173.7
"90",16000,"Idaho","personal income","56210.3","54252.2","56629.4","57541.8","60112.1","61763.9","63856.4","67351.4","70498.7",71901.3,77144.5,81848.1,90742.6,94097.1
"91",NA,"Idaho","population",NA,NA,NA,NA,NA,NA,NA,NA,NA,NA,1750536,1787065,1849202,1904314
"92",17000,"Illinois","GDP","(NA)","(NA)","(NA)","(NA)","(NA)","(NA)","(NA)","(NA)","(NA)",832826.8,851517.2,857985,810210.1,852749.1
"93",17000,"Illinois","PCE","457909.1","443338.3","449779","453463","459574.7","465628.1","478434.8","493497.2","498923.9",502483.2,513351.7,523670.9,497667.2,535571.6
"94",17000,"Illinois","Regional price parities","100.318","101.824","101.892","102.136","101.29","100.627","99.959","99.155","99.802",100.491,100.556,99.548,100.571,101.412
"95",17000,"Illinois","employment","7553123","7304369","7251061","7376147","7434721","7503553","7613604","7748859","7804672",7823072,7880803,7859053,7519019,7749727
"96",17000,"Illinois","healthcare expenditure","65216","67830.9","71062","73070.5","74994.2","76482","79542","82149.8","86135.3",88201.5,91040.5,94370.3,90365.8,98942
"97",17000,"Illinois","personal income","586023.1","550929.4","557485.3","569075.5","588324.8","598683.9","621833.9","653427.7","649493",651755.3,670528.3,687637.5,712986.7,728882.6
"98",NA,"Illinois","population",NA,NA,NA,NA,NA,NA,NA,NA,NA,NA,12723071,12671821,12786580,12686469
"99",18000,"Indiana","GDP","(NA)","(NA)","(NA)","(NA)","(NA)","(NA)","(NA)","(NA)","(NA)",357535.8,368762.9,371044.5,359184.7,384051
"100",18000,"Indiana","PCE","215455.8","212440.9","212945","217856.4","221066","222831.7","226601.1","234366.3","239991.2",251156.5,252517.5,254537.4,253201.5,271023.5
"101",18000,"Indiana","Regional price parities","92.538","92.98","93.769","93.028","93.195","93.428","93.457","92.239","92.156",90.931,92.752,92.82,91.898,92.735
"102",18000,"Indiana","employment","3682921","3523023","3525292","3590103","3642274","3684167","3740470","3796439","3847508",3903424,3963724,3969603,3843114,3978425
"103",18000,"Indiana","healthcare expenditure","32684.2","35003.4","36207.4","37741.8","40647.8","40354.7","41906.7","43725.2","46524.1",48661.3,50964.1,53978.2,52016.2,58584
"104",18000,"Indiana","personal income","260876.1","253419","258455.7","270295.7","277376.5","276740","283521.7","297867.2","303410.1",312858,314992.3,323719.1,348011.8,359702.4
"105",NA,"Indiana","population",NA,NA,NA,NA,NA,NA,NA,NA,NA,NA,6695497,6732219,6788799,6813532
"106",19000,"Iowa","GDP","(NA)","(NA)","(NA)","(NA)","(NA)","(NA)","(NA)","(NA)","(NA)",187125,189245.1,188318.4,187136.7,198470.8
"107",19000,"Iowa","PCE","108837.1","106780.5","106735.7","110461.1","110345.6","110831.8","112384.2","117133","118522.7",121609.9,120029.3,120697.1,118924.9,128752.2
"108",19000,"Iowa","Regional price parities","88.22","89.796","91.607","90.457","91.293","91.657","92.082","89.866","90.276",89.313,91.795,91.694,90.268,89.568
"109",19000,"Iowa","employment","1997583","1959120","1950434","1975941","1993406","2019403","2038999","2059821","2066676",2061826,2076505,2070466,2009821,2053873
"110",19000,"Iowa","healthcare expenditure","14725.7","15283.4","15901.2","16430.5","16857.5","17299.8","18154.3","19295.2","20153.6",20598.6,21220.2,22333,21392.6,23718.1
"111",19000,"Iowa","personal income","140447.6","134062.5","133478.9","142069.7","144969","145253.8","147480.6","156301.1","155385.6",158138.6,157170.1,159420.7,169972.8,176780.1
"112",NA,"Iowa","population",NA,NA,NA,NA,NA,NA,NA,NA,NA,NA,3148618,3155070,3190571,3197689
"113",20000,"Kansas","GDP","(NA)","(NA)","(NA)","(NA)","(NA)","(NA)","(NA)","(NA)","(NA)",166273.6,169796.9,170351.7,168540.8,172839.8
"114",20000,"Kansas","PCE","103898.7","100261.4","99662.4","100887.7","100621.4","101402.8","102717.4","105720.3","107598.3",110256.2,111288.2,112298.4,110676.4,120136.6
"115",20000,"Kansas","Regional price parities","90.729","92.29","93.597","93.375","94.036","93.651","94.051","93.406","92.62",91.586,92.428,92.771,92.249,91.157
"116",20000,"Kansas","employment","1858080","1813192","1801894","1819054","1841411","1868968","1895912","1910992","1916188",1913433,1925926,1924114,1878887,1920925
"117",20000,"Kansas","healthcare expenditure","14116.4","14671.8","15147","15686.7","16394.5","16492.5","16740.8","17383.2","17943.7",18515.3,19481,20451.8,19636.9,21668.8
"118",20000,"Kansas","personal income","135505","128839.5","127661.8","134986.9","139449.7","141341.6","141648.7","143875.2","143913.7",146990.2,148691.7,152426.4,160785.7,164557.3
"119",NA,"Kansas","population",NA,NA,NA,NA,NA,NA,NA,NA,NA,NA,2911359,2913314,2937919,2937922
"120",21000,"Kentucky","GDP","(NA)","(NA)","(NA)","(NA)","(NA)","(NA)","(NA)","(NA)","(NA)",203564,205940.1,211739.7,206288.8,214565.1
"121",21000,"Kentucky","PCE","140351.6","142574.1","142611.8","144218.6","144875.5","144614.8","147862.9","152975.8","157500.4",161653.4,166711.2,167424.2,165863.1,178612.3
"122",21000,"Kentucky","Regional price parities","90.135","88.983","90.646","91.046","90.816","91.56","91.277","90.873","90.565",89.887,89.015,89.529,89.039,89.124
"123",21000,"Kentucky","employment","2402305","2324874","2325641","2367868","2389067","2407581","2439916","2473925","2498703",2520120,2546178,2549943,2471693,2558304
"124",21000,"Kentucky","healthcare expenditure","20482.8","21574.5","22293.5","23074.1","23532.7","24273.9","25307.3","26990.3","28455.8",29560.3,30945.4,32283.9,30973.3,36180.7
"125",21000,"Kentucky","personal income","166679.5","167322.2","167658.7","170550.9","173823.7","171809.1","177770.7","186364.2","188248.4",191799.5,195792.1,200944.7,216979.6,225018.8
"126",NA,"Kentucky","population",NA,NA,NA,NA,NA,NA,NA,NA,NA,NA,4461153,4467673,4507445,4506589
"127",22000,"Louisiana","GDP","(NA)","(NA)","(NA)","(NA)","(NA)","(NA)","(NA)","(NA)","(NA)",239830.7,245220.3,246361.1,228825.3,234014.4
"128",22000,"Louisiana","PCE","147680.6","148741.4","149507.5","151587.6","152495.2","154584.9","157822.6","162333.3","163217.7",168800.3,174401.6,175541.5,171999.7,185315.8
"129",22000,"Louisiana","Regional price parities","92.83","92.039","93.803","94.047","94.285","94.205","94.335","93.996","94.462",92.346,90.74,91.21,90.967,91.276
"130",22000,"Louisiana","employment","2550824","2529917","2536537","2564904","2601173","2642042","2684809","2696540","2691337",2692542,2725271,2717570,2592841,2694974
"131",22000,"Louisiana","healthcare expenditure","21545.6","22814.2","23635","24167.2","24533.5","25205.1","26769.3","28235.6","29826.2",31165.2,31984.6,33608.2,33458.6,38423.7
"132",22000,"Louisiana","personal income","195333","191856.7","193795.6","194237.3","200486.3","200830.7","206650.2","208111.7","203909.5",210981.7,219336.7,222219,234479.7,238268.8
"133",NA,"Louisiana","population",NA,NA,NA,NA,NA,NA,NA,NA,NA,NA,4659690,4648794,4651664,4627098
"134",23000,"Maine","GDP","(NA)","(NA)","(NA)","(NA)","(NA)","(NA)","(NA)","(NA)","(NA)",63000.6,64806.3,66351.2,67420.6,70869.9
"135",23000,"Maine","PCE","49879.8","50084.1","51787.2","51887.5","51326.9","51359","54213.2","54023.1","55526.2",55784.2,56805.2,59471.6,56513.2,61731.5
"136",23000,"Maine","Regional price parities","97.834","97.382","95.436","95.936","96.206","96.659","93.133","95.748","94.844",97.317,97.617,94.86,97.706,97.205
"137",23000,"Maine","employment","823556","800553","791385","794415","796939","803582","810909","816586","826729",834280,843918,842455,813101,849493
"138",23000,"Maine","healthcare expenditure","7825.3","8114.1","8397.6","8766.9","8879.8","8943.4","9228.2","9835.6","10423.1",10919.2,11446,11948.4,11255.1,12231.9
"139",23000,"Maine","personal income","53633.2","54005.5","55459.3","56131.9","55982.8","54930.2","58380.4","59182.9","60827.6",60581.9,61629,66174.8,69102.6,71621.7
"140",NA,"Maine","population",NA,NA,NA,NA,NA,NA,NA,NA,NA,NA,1339057,1344212,1363557,1377238
"141",24000,"Maryland","GDP","(NA)","(NA)","(NA)","(NA)","(NA)","(NA)","(NA)","(NA)","(NA)",399714.5,402480.9,402346.2,388532.3,405905.3
"142",24000,"Maryland","PCE","206557","202412.6","208972.7","209809.3","215532","214782","219260.6","224179.5","229551.2",232794.3,237591.3,242284.8,227839.1,244214.2
"143",24000,"Maryland","Regional price parities","108.452","109.806","108.048","109.162","107.087","108.162","107.686","107.715","106.853",106.845,106.384,105.159,106.419,106.223
"144",24000,"Maryland","employment","3430861","3359477","3345404","3394860","3438930","3494007","3537737","3602930","3659063",3696841,3752933,3744535,3621705,3750161
"145",24000,"Maryland","healthcare expenditure","31998.7","33496","34857.4","36180.2","36966.6","37340.8","38940.9","41075.9","42656.9",43987.1,45302.3,46541.2,44358.7,48426.8
"146",24000,"Maryland","personal income","273609.9","269153.6","278456.3","283636.1","291930.2","284549.4","291425.4","304565.5","315507.7",319905.6,323450.7,332933.7,343876.7,351518.8
"147",NA,"Maryland","population",NA,NA,NA,NA,NA,NA,NA,NA,NA,NA,6035802,6045680,6173205,6174610
"148",25000,"Massachusetts","GDP","(NA)","(NA)","(NA)","(NA)","(NA)","(NA)","(NA)","(NA)","(NA)",530129.4,549262.1,566706.2,556196.4,591911.5
"149",25000,"Massachusetts","PCE","272201.9","272204.9","277163.5","280160.5","284261.6","290678.3","294294.9","303614.3","302062.6",308129.5,312546.9,318759.8,297282.3,331844.5
"150",25000,"Massachusetts","Regional price parities","105.707","104.638","104.398","104.299","103.7","102.687","104.235","104.505","107.435",107.301,107.621,107.369,109.117,106.555
"151",25000,"Massachusetts","employment","4215626","4115975","4115496","4175255","4253382","4353531","4447709","4631415","4709800",4778364,4855037,4872907,4600264,4777326
"152",25000,"Massachusetts","healthcare expenditure","47358","49445.9","51194.2","52050.5","53148.3","53857.8","55755.6","58701.4","61734.7",63097.4,64617.7,67622.4,63666.1,70884.5
"153",25000,"Massachusetts","personal income","336467.4","336652.4","348143.7","355424.5","366255.1","368116","375208.9","398071.6","397805.5",408730.8,419097,436144.3,455315.4,475686.6
"154",NA,"Massachusetts","population",NA,NA,NA,NA,NA,NA,NA,NA,NA,NA,6882635,6892503,6995729,6989690
"155",26000,"Michigan","GDP","(NA)","(NA)","(NA)","(NA)","(NA)","(NA)","(NA)","(NA)","(NA)",505101.5,516843,517845.2,502483.7,531500
"156",26000,"Michigan","PCE","334804.5","329659","336675.1","344702.9","350487.4","354717.8","362256.3","379504.6","390155.6",401382.5,402760.4,403073.7,392014.3,420483.1
"157",26000,"Michigan","Regional price parities","95.54","95.747","95.628","94.959","94.731","95.072","95.536","93.809","93.591",92.604,94.38,95.288,94.557,94.253
"158",26000,"Michigan","employment","5337592","5046457","5038098","5165197","5234356","5323127","5412068","5501527","5575793",5631139,5715122,5713233,5387741,5601637
"159",26000,"Michigan","healthcare expenditure","50055.3","51825.4","54241.6","56237.7","58017","58631.6","60349.3","63634.7","66524.1",68117.7,69992.9,73204.2,68255.1,74979.6
"160",26000,"Michigan","personal income","397401.2","377683","386443.9","401623.9","411795.2","408992.9","418732.3","449113.5","458546.2",468965.2,468569.7,473797.2,513048.3,522600.8
"161",NA,"Michigan","population",NA,NA,NA,NA,NA,NA,NA,NA,NA,NA,9984072,9986857,10069577,10037504
"162",27000,"Minnesota","GDP","(NA)","(NA)","(NA)","(NA)","(NA)","(NA)","(NA)","(NA)","(NA)",354721.9,364799.7,368688.7,358127.2,374733.3
"163",27000,"Minnesota","PCE","206533.7","199555","204653.2","209460.4","210897.5","213136.9","215870.8","223624.8","228832.9",236378.2,236026.7,240404.8,231904.8,243821.5
"164",27000,"Minnesota","Regional price parities","96.351","98.592","97.858","97.549","97.578","97.905","98.723","97.432","97.202",96.775,99.729,98.994,97.803,98.423
"165",27000,"Minnesota","employment","3526233","3424125","3408488","3468973","3505288","3555540","3603670","3662633","3697854",3735638,3776940,3782809,3607496,3711807
"166",27000,"Minnesota","healthcare expenditure","31158.3","32695.1","33914.3","34974","35873.9","37234.7","38888.4","40562.4","42942.4",44073.4,46655.7,47753.9,44322.6,49477.1
"167",27000,"Minnesota","personal income","249428.6","234246.7","242578.8","253689.3","263919.5","262147.6","269625.9","285582.1","289275.2",297104.7,296400.8,306558.2,327803.1,333417.9
"168",NA,"Minnesota","population",NA,NA,NA,NA,NA,NA,NA,NA,NA,NA,5606249,5639632,5709852,5711471
"169",28000,"Mississippi","GDP","(NA)","(NA)","(NA)","(NA)","(NA)","(NA)","(NA)","(NA)","(NA)",110281.4,110174.8,110537.9,109894.1,114198.5
"170",28000,"Mississippi","PCE","89457","90863.6","90230.2","90754.4","92001.4","91989.3","93017.9","95343.2","96302",98340.3,101609.8,101473.3,100957.8,107372.4
"171",28000,"Mississippi","Regional price parities","89.157","86.837","89.445","89.927","89.126","89.755","89.761","89.178","89.165",87.674,86.095,86.49,85.844,86.601
"172",28000,"Mississippi","employment","1537448","1492328","1490777","1509966","1519741","1532509","1556854","1568216","1581199",1592198,1602929,1607308,1573290,1625695
"173",28000,"Mississippi","healthcare expenditure","14065.5","14400.8","14979.1","15455","15984.7","16055.4","16503.3","17171.2","18082.2",18379.3,18308.3,18970.8,18405.8,20379.2
"174",28000,"Mississippi","personal income","108014.2","109383.3","108672.6","109940.8","112783.6","112624.8","113045.4","115540.8","116002.2",118694.1,121168.2,123432.4,132800.1,135579.6
"175",NA,"Mississippi","population",NA,NA,NA,NA,NA,NA,NA,NA,NA,NA,2981020,2976149,2958141,2949586
"176",29000,"Missouri","GDP","(NA)","(NA)","(NA)","(NA)","(NA)","(NA)","(NA)","(NA)","(NA)",311273.8,314182.4,320880.8,315276.2,330117.5
"177",29000,"Missouri","PCE","222751.2","217151.3","214437.8","219004.1","221815.1","221597.7","222023.4","230527.9","235232",241430.8,245784.7,247260.3,240966.4,260823.1
"178",29000,"Missouri","Regional price parities","89.35","90.998","93.537","92.926","92.927","93.522","94.397","92.967","92.489",91.809,91.922,92.561,92.219,92.022
"179",29000,"Missouri","employment","3625622","3522642","3475274","3506549","3528185","3565833","3597160","3655817","3700543",3735873,3777370,3779459,3692620,3796384
"180",29000,"Missouri","healthcare expenditure","31422.9","32601.9","33594.7","34661.8","36253.8","36529.2","37374.8","39666.8","41679.8",42935.7,44402.7,46475.6,44084.6,48694.3
"181",29000,"Missouri","personal income","262520","253733.1","248874.3","254292.8","261846.3","259028.7","262215.1","275105.7","281511.7",284752.8,290481.9,296462.6,313874.2,321701.8
"182",NA,"Missouri","population",NA,NA,NA,NA,NA,NA,NA,NA,NA,NA,6121623,6137428,6153998,6169823
"183",30000,"Montana","GDP","(NA)","(NA)","(NA)","(NA)","(NA)","(NA)","(NA)","(NA)","(NA)",48470.5,49455,50318.9,50159.6,52952
"184",30000,"Montana","PCE","35252.4","35058.9","36411.4","36274.3","37591.9","38215.2","38488.9","39166.7","40726.3",41855.8,43967.5,43933.9,45180.1,49947.8
"185",30000,"Montana","Regional price parities","95.825","94.603","93.212","95.623","93.867","93.904","95.14","96.444","94.159",94.105,92.356,94.199,91.649,91.567
"186",30000,"Montana","employment","636195","619453","616391","623221","633197","642072","649048","660573","667793",674409,684043,685999,684052,716176
"187",30000,"Montana","healthcare expenditure","4799.5","5109.6","5400.9","5635.1","5892.7","6212.3","6450.9","6889","7277.1",7656.5,8114.6,8546.2,8161.5,9154.5
"188",30000,"Montana","personal income","38702.2","38409.7","40463.5","41059.3","43655.2","43475.5","44557.6","45784.3","47081.5",48921.6,50877.4,52336.7,57876.7,59577.9
"189",NA,"Montana","population",NA,NA,NA,NA,NA,NA,NA,NA,NA,NA,1060665,1068778,1087075,1106227
"190",31000,"Nebraska","GDP","(NA)","(NA)","(NA)","(NA)","(NA)","(NA)","(NA)","(NA)","(NA)",123219.9,125543.4,127481.8,126890.6,133495.7
"191",31000,"Nebraska","PCE","66810.4","65558.6","66504.1","68500.9","69079.3","70125.9","71543.3","73957.6","76230.8",79286.9,79078.4,79331.5,77909.7,85501.9
"192",31000,"Nebraska","Regional price parities","90.842","91.673","92.985","92.462","93.087","92.835","92.92","92.259","91.662",89.751,91.768,92.382,92.454,91.751
"193",31000,"Nebraska","employment","1237394","1223251","1219855","1232536","1251331","1266360","1282738","1302877","1310927",1317730,1330415,1328389,1305651,1334434
"194",31000,"Nebraska","healthcare expenditure","9635.2","9993.3","10497.5","10840.7","11185.4","11391.1","11831.9","12554.6","13413.8",13956.3,14494.9,15280.9,14682.8,16485
"195",31000,"Nebraska","personal income","85061.6","83219.2","84914.4","92908.4","93329.3","93010.8","96914.1","101381.5","99551.4",102154.5,101836.8,104517.6,109953.1,113636.3
"196",NA,"Nebraska","population",NA,NA,NA,NA,NA,NA,NA,NA,NA,NA,1925614,1934408,1962642,1963554
"197",32000,"Nevada","GDP","(NA)","(NA)","(NA)","(NA)","(NA)","(NA)","(NA)","(NA)","(NA)",163199.1,168638.5,175771.3,165793.9,181102.9
"198",32000,"Nevada","PCE","91260.6","85520.9","88208.9","88276.3","89658.6","93053.8","96468.3","100925","105361.6",106664.9,115285.7,115720.9,114909,127591.1
"199",32000,"Nevada","Regional price parities","101.56","103.617","100.868","102.055","101.707","99.773","99.192","98.649","97.399",99.973,96.177,98.826,97.115,95.543
"200",32000,"Nevada","employment","1619016","1512925","1478082","1501861","1519210","1561287","1608537","1664654","1724751",1780614,1848890,1884148,1770886,1912872
"201",32000,"Nevada","healthcare expenditure","11195.9","11476.9","11787.6","12227","12702.4","13299.8","14266.5","15110.9","16408.5",17171.9,18153.3,19028.5,18017.6,20266.4
"202",32000,"Nevada","personal income","107683.5","99930.8","105049.5","105060.3","107664.8","108795.3","115167.1","125179.6","130456.3",132698.3,143942.9,148905.6,160354.1,171884.2
"203",NA,"Nevada","population",NA,NA,NA,NA,NA,NA,NA,NA,NA,NA,3027341,3080156,3115648,3146402
"204",33000,"New Hampshire","GDP","(NA)","(NA)","(NA)","(NA)","(NA)","(NA)","(NA)","(NA)","(NA)",81179.6,82269.5,84031.2,83182.1,89890.1
"205",33000,"New Hampshire","PCE","52093.1","52977.4","54173.3","54654.6","55068.9","55907.8","57003.7","58239.2","58562.7",59309.6,61852.8,62836,60801.9,66480
"206",33000,"New Hampshire","Regional price parities","105.908","103.578","102.874","102.339","101.885","101.615","101.418","102.462","104.413",105.653,103.727,104.061,105.258,102.51
"207",33000,"New Hampshire","employment","844885","820826","813758","818810","824378","835032","844521","860652","873123",882481,892584,890072,858471,894739
"208",33000,"New Hampshire","healthcare expenditure","8310.4","8871.4","9258.9","9503.6","9611.3","9736.9","9938.4","10329.5","10734.8",11084.6,11656.4,12106,11372.9,12446.7
"209",33000,"New Hampshire","personal income","60502.6","61006.3","63069.6","64737.1","66693.9","65825.5","67658.4","69662.7","70119.3",70958,74065.5,77808,80981.2,86042.2
"210",NA,"New Hampshire","population",NA,NA,NA,NA,NA,NA,NA,NA,NA,NA,1353465,1359711,1378587,1387505
"211",34000,"New Jersey","GDP","(NA)","(NA)","(NA)","(NA)","(NA)","(NA)","(NA)","(NA)","(NA)",590086.7,606892.2,617110.7,595973.4,629011.3
"212",34000,"New Jersey","PCE","345606.9","327709.9","338400.5","337179.1","340519.7","344669.2","349776.8","357133.9","363568.1",365054.7,368644.3,373918.1,363998.9,401857.8
"213",34000,"New Jersey","Regional price parities","106.864","110.934","108.462","109.286","109.31","108.833","108.971","109.02","108.919",109.333,111.004,111.239,110.661,109.099
"214",34000,"New Jersey","employment","5123837","4992097","4960649","5018547","5053885","5133106","5206898","5303132","5391258",5448785,5550061,5571245,5319454,5585214
"215",34000,"New Jersey","healthcare expenditure","48190.7","50146.7","51216.5","52151.1","54729.9","55806.9","58502.6","61863.6","65687.4",68053.7,70132.9,74014.7,70887.8,77993.6
"216",34000,"New Jersey","personal income","447914.7","418876.4","433882","438722.2","446636","447072.4","460439.1","478605.2","487674.6",495477,498848.5,519258.5,541199.7,567508.6
"217",NA,"New Jersey","population",NA,NA,NA,NA,NA,NA,NA,NA,NA,NA,8886025,8882190,9271689,9267961
"218",35000,"New Mexico","GDP","(NA)","(NA)","(NA)","(NA)","(NA)","(NA)","(NA)","(NA)","(NA)",93210.1,96077,100446.2,97511.9,99572.3
"219",35000,"New Mexico","PCE","63826.3","62425","64706.5","63925","64504.3","65795.4","67075.4","69295.7","70501.1",70186.6,75080.1,74383.4,73040,81474.1
"220",35000,"New Mexico","Regional price parities","94.928","96.101","94.628","96.923","96.537","95.472","95.415","94.613","94.089",95.721,91.658,92.743,91.634,89.907
"221",35000,"New Mexico","employment","1105330","1071898","1059918","1064201","1067145","1075551","1083585","1092272","1092375",1095489,1110587,1116844,1069531,1092639
"222",35000,"New Mexico","healthcare expenditure","8953.4","9616.9","10150.6","10429.7","10749.7","10887.5","11389.5","12041.2","12383.2",12645.5,12997.7,13511.1,12923.6,14785.5
"223",35000,"New Mexico","personal income","75633.7","74255.7","76938.4","76798.4","77515.3","76123.5","79539.3","82002.4","83255.9",81867.1,87512.3,90282.6,97529.9,102712.2
"224",NA,"New Mexico","population",NA,NA,NA,NA,NA,NA,NA,NA,NA,NA,2092741,2096829,2118390,2116677
"225",36000,"New York","GDP","(NA)","(NA)","(NA)","(NA)","(NA)","(NA)","(NA)","(NA)","(NA)",1624800.7,1665186.8,1709750.7,1650567.2,1724472.2
"226",36000,"New York","PCE","659918.4","659911.2","680795.2","687733.1","702173.4","715168.2","743544.8","761227.1","775750.7",794069.4,822051.6,838695,789404,834351.8
"227",36000,"New York","Regional price parities","111.057","110.656","109.54","110.462","109.519","109.438","108.746","109.478","109.862",109.869,109.573,109.583,110.104,109.504
"228",36000,"New York","employment","11197859","10984512","11005904","11294271","11433058","11619011","11865761","12099197","12259166",12391361,12655123,12745758,11871619,12227874
"229",36000,"New York","healthcare expenditure","113239.8","118862.6","123077.8","125901.6","128082.6","132444","138243.5","142989.1","151790",158451.1,167324.8,180159.1,175302.5,190565.9
"230",36000,"New York","personal income","884580.3","873472.7","904311.1","921423.3","959322.5","958854.8","989795.3","1024649.7","1046174.3",1092840.7,1107482.6,1133230,1182584,1207418.8
"231",NA,"New York","population",NA,NA,NA,NA,NA,NA,NA,NA,NA,NA,19530351,19453561,20108296,19857492
"232",37000,"North Carolina","GDP","(NA)","(NA)","(NA)","(NA)","(NA)","(NA)","(NA)","(NA)","(NA)",546810.1,556573.7,568475.6,564794.4,597316.1
"233",37000,"North Carolina","PCE","311599.3","312295.7","314819","318128.2","324410.7","329023","337666.6","348921.9","356882.4",371988.6,386150.9,402809,401049.1,427646.2
"234",37000,"North Carolina","Regional price parities","92.97","91.782","93.432","93.992","93.764","94.22","94.256","93.925","94.318",93.158,92.837,91.907,91.445,93.805
"235",37000,"North Carolina","employment","5413522","5215727","5178397","5292804","5356134","5436745","5568600","5694917","5825267",5919022,6055657,6149071,6054937,6318605
"236",37000,"North Carolina","healthcare expenditure","42826.4","45212.7","47030.1","48929.3","51272.3","51382.3","53234.7","56932.4","60188.2",62471.7,65399.7,68711.7,64585.2,76368.8
"237",37000,"North Carolina","personal income","402044.2","393836.7","384369","386182.8","406018.4","394675.3","411076.3","433712.4","441339.6",460384,474748.7,501342.8,535676,548116.5
"238",NA,"North Carolina","population",NA,NA,NA,NA,NA,NA,NA,NA,NA,NA,10381615,10488084,10449445,10565885
"239",38000,"North Dakota","GDP","(NA)","(NA)","(NA)","(NA)","(NA)","(NA)","(NA)","(NA)","(NA)",56530.2,58516.4,59142.3,55699.1,55401
"240",38000,"North Dakota","PCE","26361.6","26420.5","27102.2","29064.7","30195.4","32229.3","33719.8","34697.5","34411.3",35143.2,34514.2,33893.3,32987.2,35447.8
"241",38000,"North Dakota","Regional price parities","86.837","89.394","90.909","90.447","93.81","93.122","93.455","92.781","91.657",88.588,91.225,93.366,92.246,91.103
"242",38000,"North Dakota","employment","491887","492409","503803","529778","567381","586758","607113","597638","576701",573077,578397,581406,560448,567834
"243",38000,"North Dakota","healthcare expenditure","3725.1","4036.7","4255.7","4588.4","4793.3","5161.4","5523.5","6026.2","6327.1",6543.9,6795.5,7377.8,7061.4,7831.1
"244",38000,"North Dakota","personal income","33007.1","31843","34379","37970.5","42482.3","42367","44594.3","43116.1","41744.2",42964.4,43345.6,43297.5,46388.6,47613.4
"245",NA,"North Dakota","population",NA,NA,NA,NA,NA,NA,NA,NA,NA,NA,758080,762062,779518,777934
"246",39000,"Ohio","GDP","(NA)","(NA)","(NA)","(NA)","(NA)","(NA)","(NA)","(NA)","(NA)",652187.5,656212,674123.4,654586.3,686206.4
"247",39000,"Ohio","PCE","401322.8","391962.8","398688.3","408607","411365.3","416168.6","424714.3","440161.4","447327.1",457629.4,460031.2,462835,456881.6,485839.9
"248",39000,"Ohio","Regional price parities","92.513","93.451","93.42","92.402","93.15","93.256","93.188","92.396","92.618",91.938,92.954,93.28,92.102,92.459
"249",39000,"Ohio","employment","6725207","6454988","6418141","6521630","6605925","6681685","6771706","6862150","6931328",6987847,7067380,7071612,6852979,7048306
"250",39000,"Ohio","healthcare expenditure","62097.3","65026.8","67513","69425","73031.5","75238.6","78172.4","81392.8","84832.1",87495.3,90144.9,96002.8,88941.4,97906.5
"251",39000,"Ohio","personal income","486456.5","469575.1","476237","500767.5","507110.4","507549.9","521060.5","545498.9","549630.3",562913.7,565879.1,576408.9,618686.1,628659.7
"252",NA,"Ohio","population",NA,NA,NA,NA,NA,NA,NA,NA,NA,NA,11676341,11689100,11797517,11764342
"253",40000,"Oklahoma","GDP","(NA)","(NA)","(NA)","(NA)","(NA)","(NA)","(NA)","(NA)","(NA)",192538.6,196030.5,199462.1,190751.7,193518
"254",40000,"Oklahoma","PCE","119638.4","119331.3","120300.5","122592.7","124217.5","125604.1","128094.1","130635.4","131625.3",134440,139778.2,140973.4,138225,147633.3
"255",40000,"Oklahoma","Regional price parities","90.868","89.898","91.599","92.083","92.261","92.416","92.582","92.065","92.118",90.872,89.81,89.573,89.829,90.269
"256",40000,"Oklahoma","employment","2186721","2136754","2130312","2159073","2211969","2249096","2273648","2287838","2287131",2291944,2312261,2310371,2266945,2314387
"257",40000,"Oklahoma","healthcare expenditure","17391.1","17801.8","18491","19314.5","19998.7","20550.2","21619","22644.7","23521.6",24433.9,25432.3,26325,25082.8,28109.1
"258",40000,"Oklahoma","personal income","168501.2","158113.6","160021.7","166958.2","174891.2","181077","189720.5","184799","173959.3",181159.6,187869.3,195244,201106.9,206387.4
"259",NA,"Oklahoma","population",NA,NA,NA,NA,NA,NA,NA,NA,NA,NA,3940235,3956971,3964912,3991225
"260",41000,"Oregon","GDP","(NA)","(NA)","(NA)","(NA)","(NA)","(NA)","(NA)","(NA)","(NA)",225534.5,234308.3,239910.5,237670.4,250099.4
"261",41000,"Oregon","PCE","130427","125276.2","128493.6","129396.6","128701.4","131818.9","137318.6","142061.1","148847.2",151700.8,152583.9,157818.9,155827.4,170303.4
"262",41000,"Oregon","Regional price parities","97.6","99.886","98.824","99.362","100.435","99.767","98.954","100.191","99.192",101.484,104.616,103.924,103.427,103.032
"263",41000,"Oregon","employment","2288774","2189199","2174333","2201553","2219981","2260337","2323439","2391179","2450390",2515986,2570069,2579279,2493432,2559698
"264",41000,"Oregon","healthcare expenditure","18536.1","19485.3","20409.1","21077.6","21654.6","22334.7","24011.8","26429.1","28020.3",29024.2,30234,32096.4,30439,33925.9
"265",41000,"Oregon","personal income","151583.1","143337.6","146365.8","149477.3","153100","154611.6","164332.3","174142.1","182637.5",185311.8,187108.3,194953,211001,220212.2
"266",NA,"Oregon","population",NA,NA,NA,NA,NA,NA,NA,NA,NA,NA,4181886,4217737,4244795,4256301
"267",42000,"Pennsylvania","GDP","(NA)","(NA)","(NA)","(NA)","(NA)","(NA)","(NA)","(NA)","(NA)",754318,763855.4,772529.5,736470.6,764601.6
"268",42000,"Pennsylvania","PCE","472287.3","468049.5","480842.9","489714.7","492953.7","497165.4","506021.4","513151.1","521552.4",522404.6,542420.5,549921.3,526948,570569.7
"269",42000,"Pennsylvania","Regional price parities","99.061","99.297","99.007","98.417","98.118","97.858","97.317","98.282","97.817",99.097,98.152,98.078,97.783,96.371
"270",42000,"Pennsylvania","employment","7278574","7101513","7119718","7217043","7284595","7350212","7434632","7510339","7593722",7662469,7763488,7772526,7412855,7650343
"271",42000,"Pennsylvania","healthcare expenditure","72383.5","74565.1","78617.6","81974.9","84013.1","85715.2","88434.1","92397","96326.3",98772.4,104842.6,107837.8,102192.7,110184.2
"272",42000,"Pennsylvania","personal income","563794.5","550392.3","567603","585316","599788.3","599373","619150","636541.2","650344.9",647288.3,673435.8,687677.8,727606.6,750118.9
"273",NA,"Pennsylvania","population",NA,NA,NA,NA,NA,NA,NA,NA,NA,NA,12800922,12801989,12994440,13012059
"274",44000,"Rhode Island","GDP","(NA)","(NA)","(NA)","(NA)","(NA)","(NA)","(NA)","(NA)","(NA)",58771.6,58740.1,59866.6,58155.2,60777.3
"275",44000,"Rhode Island","PCE","37749","37270.5","38033.5","38309.1","38486.5","38283.8","39634.4","40092","40734",40539.9,41435.1,41782,40193.9,43543.6
"276",44000,"Rhode Island","Regional price parities","102.04","102.665","100.735","100.37","99.203","100.981","99.401","100.893","100.728",102.485,102.254,102.408,101.954,102.083
"277",44000,"Rhode Island","employment","608884","588270","586329","591668","592954","602374","613103","626983","633419",638851,648727,650995,615668,640257
"278",44000,"Rhode Island","healthcare expenditure","6289.7","6522.4","6729.6","6906","6961.7","7117.6","7436.3","7804.1","8091.2",8133.9,8267.5,8674.6,8205.4,8934.9
"279",44000,"Rhode Island","personal income","45685.2","44367.8","46844.5","47558.5","48960.4","47494.2","49590.4","50499.6","50845.9",51014,52025,54393.8,58170.3,59937.3
"280",NA,"Rhode Island","population",NA,NA,NA,NA,NA,NA,NA,NA,NA,NA,1058287,1059361,1096345,1096985
"281",45000,"South Carolina","GDP","(NA)","(NA)","(NA)","(NA)","(NA)","(NA)","(NA)","(NA)","(NA)",224937.6,231663.3,237511.4,233712.3,244854
"282",45000,"South Carolina","PCE","151708.5","151836.9","153731.5","154888.5","156862.7","159827.9","165275","170738.6","174699.6",181929.1,188723.9,195019.6,194492,207502.5
"283",45000,"South Carolina","Regional price parities","92.693","91.771","93.357","93.928","93.414","93.829","93.546","93.74","94.421",92.892,92.221,91.572,91.035,93.693
"284",45000,"South Carolina","employment","2472467","2367944","2357679","2427453","2453323","2500985","2564027","2636275","2700187",2759183,2843694,2882364,2825233,2938337
"285",45000,"South Carolina","healthcare expenditure","20538.4","21530.6","22529.2","23044.4","23407.4","23740.3","24791.3","26094.4","27505.8",28245.2,29012.1,30515.7,29261.2,33401.4
"286",45000,"South Carolina","personal income","172321","170425.8","170553.7","174603","181369.3","180701.9","190224.6","201425.4","206062.3",216054.4,222456.2,235950.8,249792.9,252155
"287",NA,"South Carolina","population",NA,NA,NA,NA,NA,NA,NA,NA,NA,NA,5084156,5148714,5131848,5193266
"288",46000,"South Dakota","GDP","(NA)","(NA)","(NA)","(NA)","(NA)","(NA)","(NA)","(NA)","(NA)",51615.1,51937.8,52360.1,52692.1,55140.4
"289",46000,"South Dakota","PCE","30241.6","30114.6","30603.9","31526.3","30947.1","31863.7","32464.8","34386.2","35288.7",37046.3,36478.8,37127.7,37167.5,41010.7
"290",46000,"South Dakota","Regional price parities","85.981","87.233","88.755","87.964","91.182","90.175","90.49","89.181","89.262",87.555,91.395,91.863,90.721,90.147
"291",46000,"South Dakota","employment","561052","556495","558161","566491","574997","581234","589348","592644","597263",601254,610179,610325,606246,625510
"292",46000,"South Dakota","healthcare expenditure","4709.1","5010.9","5324.1","5603.3","5845.9","6050.2","6368.3","6765.3","7209.9",7549.9,8141.6,8730.2,8445.8,9334.4
"293",46000,"South Dakota","personal income","40604.5","38921.1","39836.5","42726.1","41563","42034","43294","45656","45635.7",47069.2,46229,48422,53347.4,55542.1
"294",NA,"South Dakota","population",NA,NA,NA,NA,NA,NA,NA,NA,NA,NA,878698,884659,887799,896164
"295",47000,"Tennessee","GDP","(NA)","(NA)","(NA)","(NA)","(NA)","(NA)","(NA)","(NA)","(NA)",355417.5,362363.7,370088.3,366555.2,396576.2
"296",47000,"Tennessee","PCE","209263.6","209622.3","210160.7","213085.1","214215.3","215761.8","222388.1","228978.6","232710.3",241725,258185.4,259440.1,257743.8,281997.3
"297",47000,"Tennessee","Regional price parities","92.05","90.837","92.804","93.355","93.843","93.551","93.185","93.131","94.288",93.105,89.579,91.214,90.541,90.854
"298",47000,"Tennessee","employment","3677116","3523871","3515815","3589026","3635172","3689682","3772755","3859498","3951859",4033011,4120203,4169016,4121045,4301472
"299",47000,"Tennessee","healthcare expenditure","30275.9","31465.9","32746.6","33571.7","34948.7","35981.1","37097.1","39342.6","41527.3",43697.2,44421.9,45994.7,44930.2,49893
"300",47000,"Tennessee","personal income","252507.5","254563.3","256833.7","264019.5","271551.3","271149","279172.5","293407.7","296180",307071.5,329541,338398.1,361140.2,376694.6
"301",NA,"Tennessee","population",NA,NA,NA,NA,NA,NA,NA,NA,NA,NA,6771631,6829174,6925619,6968351
"302",48000,"Texas","GDP","(NA)","(NA)","(NA)","(NA)","(NA)","(NA)","(NA)","(NA)","(NA)",1667313,1746543.3,1802912.8,1772185.6,1873473.4
"303",48000,"Texas","PCE","798674.1","802445.5","821953.1","855433.3","873935.7","894965.1","930924.3","966868.6","998939.1",1035745.1,1064172.6,1081690.7,1064976.8,1169659.2
"304",48000,"Texas","Regional price parities","97.512","97.326","98.108","97.447","98.086","98.491","98.751","98.89","98.436",97.439,97.831,98.528,98.745,98.502
"305",48000,"Texas","employment","14365985","14202860","14262584","14681517","15095946","15532152","16001898","16414554","16683280",17104407,17608884,17901639,17700743,18559325
"306",48000,"Texas","healthcare expenditure","108394.1","116011.3","122108.6","126794.5","132497.4","134694.4","141863","152013.9","158465.1",163199.1,168080.6,177710.6,170047.2,192793.2
"307",48000,"Texas","personal income","1056778.5","1011036.6","1050296.1","1127859.3","1176886","1188512.3","1256278.4","1277568.1","1267263.9",1346399.1,1402409.9,1443763.7,1484887.2,1556765.2
"308",NA,"Texas","population",NA,NA,NA,NA,NA,NA,NA,NA,NA,NA,28628666,28995881,29232474,29558864
"309",49000,"Utah","GDP","(NA)","(NA)","(NA)","(NA)","(NA)","(NA)","(NA)","(NA)","(NA)",172075,182106,192698.7,194753.7,209975.2
"310",49000,"Utah","PCE","80402.1","77099.7","79861.7","79792.6","82570.4","85517.8","89678","94078.2","99398.4",101466.5,109539.1,112126.9,115765.3,130179
"311",49000,"Utah","Regional price parities","97.4","100.007","97.633","99.629","99.301","98.563","97.733","97.647","96.631",98.77,95.826,97.125,95.185,94.592
"312",49000,"Utah","employment","1688135","1633986","1620793","1664413","1706044","1753374","1803933","1865934","1933131",1995267,2069738,2103035,2135748,2250031
"313",49000,"Utah","healthcare expenditure","10239","10902.5","11329.4","11874.9","12465.1","12750.7","13480.3","14169.6","15175.2",16076.9,17103.6,17903.5,17179.1,19065.8
"314",49000,"Utah","personal income","98478.8","92355.2","95815.5","98660.1","103862.9","106427.7","112153.6","120716.5","127334.3",129351.7,140263.3,147395.7,162511.4,171487.3
"315",NA,"Utah","population",NA,NA,NA,NA,NA,NA,NA,NA,NA,NA,3153550,3205958,3283785,3339113
"316",50000,"Vermont","GDP","(NA)","(NA)","(NA)","(NA)","(NA)","(NA)","(NA)","(NA)","(NA)",32589.2,32827.8,33207.6,32307.1,33860.8
"317",50000,"Vermont","PCE","24464.9","24494","25305.5","25957.9","25985.3","26098.3","26976.3","26806.9","27099.6",27020.8,27625.1,28095.8,26167.1,28727.5
"318",50000,"Vermont","Regional price parities","101.024","100.767","99.171","98.701","99.373","99.891","98.307","100.081","99.491",100.273,100.3,99.456,102.073,98.66
"319",50000,"Vermont","employment","424280","414213","413335","416949","421870","424997","429010","432560","433791",435861,437661,433442,409316,421226
"320",50000,"Vermont","healthcare expenditure","3777.3","3991.6","4152.4","4313.2","4493.7","4665.5","4769.9","4988.4","5170",5368.3,5583,5823,5527.6,5989.4
"321",50000,"Vermont","personal income","26895.5","26719.3","27569.4","28619.1","28775.4","28647.1","29895.5","30167.6","30536.8",30585.2,30976.6,32615,33687.4,35126.6
"322",NA,"Vermont","population",NA,NA,NA,NA,NA,NA,NA,NA,NA,NA,624358,623989,642893,646972
"323",51000,"Virginia","GDP","(NA)","(NA)","(NA)","(NA)","(NA)","(NA)","(NA)","(NA)","(NA)",515167.2,527767.5,541070.2,533828.3,562888
"324",51000,"Virginia","PCE","285558.4","285936.8","288740.2","293378.1","298922.8","298480","303311.5","308892.1","316891",326015.3,331431,342189,329026.2,352615.9
"325",51000,"Virginia","Regional price parities","103.274","102.571","103.968","103.488","102.64","103.629","103.616","103.761","103.022",101.457,102.096,100.152,101.1,102.278
"326",51000,"Virginia","employment","4870374","4758069","4743177","4802651","4856833","4898617","4953436","5060270","5156659",5229126,5299069,5329577,5224726,5392698
"327",51000,"Virginia","healthcare expenditure","36680.3","38843.6","40392.1","42152.6","44080.2","44904.7","46723.6","48679.3","50845.1",51881.8,54072.1,57575.8,54320.5,61050.7
"328",51000,"Virginia","personal income","366361.8","362655.9","367446","380475.2","394342.2","382951.3","393883.1","410329.4","420119.2",434724.7,438591.8,462257.6,479242,486026
"329",NA,"Virginia","population",NA,NA,NA,NA,NA,NA,NA,NA,NA,NA,8501286,8535519,8636471,8657365
"330",53000,"Washington","GDP","(NA)","(NA)","(NA)","(NA)","(NA)","(NA)","(NA)","(NA)","(NA)",527169.4,561785.7,588930.4,590401,630819.8
"331",53000,"Washington","PCE","235866.6","233000.1","241506.6","244956.6","250299.6","256896.4","262296.2","273285.5","281069.1",285821.2,299041,304762.1,297347.9,318114.2
"332",53000,"Washington","Regional price parities","103.975","104.498","102.108","102.739","102.442","102.107","103.313","103.411","104.816",107.452,107.175,108.036,107.899,108.885
"333",53000,"Washington","employment","3954871","3815623","3771422","3814269","3909118","3991747","4094370","4199164","4313722",4432271,4537842,4592322,4435738,4576236
"334",53000,"Washington","healthcare expenditure","35697.8","38195.2","39713.6","41179.3","43279.8","43594","45236.9","48346.7","50368.8",52186.6,54749.5,57754.9,53995.9,60745.4
"335",53000,"Washington","personal income","296308.3","282495.7","292532.4","299935.6","319364","322942.6","338857","358067","368814.6",375135.3,392478.4,413716.1,441320.5,454854.4
"336",NA,"Washington","population",NA,NA,NA,NA,NA,NA,NA,NA,NA,NA,7523869,7614893,7724031,7740745
"337",54000,"West Virginia","GDP","(NA)","(NA)","(NA)","(NA)","(NA)","(NA)","(NA)","(NA)","(NA)",75172.4,77406.5,76786.6,73952.9,75520.5
"338",54000,"West Virginia","PCE","60637.7","62657.4","62361.1","63489.8","64320.5","63961.4","64087.1","64921.8","66144",67765.6,68899.5,70025.7,68523.4,69920.5
"339",54000,"West Virginia","Regional price parities","88.145","86.94","89.319","89.445","89.157","89.971","90.333","91.005","90.482",88.827,89.207,88.323,87.365,90.763
"340",54000,"West Virginia","employment","918376","899067","899510","909060","918958","914247","911678","904270","890209",888822,898085,881634,840864,864509
"341",54000,"West Virginia","healthcare expenditure","9871.1","10536.1","10814","11148","11806.9","12104.4","12636.6","13477.6","14385.4",15044.4,15460.2,16229.8,15609.3,17092.5
"342",54000,"West Virginia","personal income","70029.2","71763.3","71143.8","73250.4","74017.8","72005.2","73012.1","73846.3","72980.6",75920.2,77526.3,79811.1,83651.3,82629.1
"343",NA,"West Virginia","population",NA,NA,NA,NA,NA,NA,NA,NA,NA,NA,1804291,1792147,1791420,1785526
"344",55000,"Wisconsin","GDP","(NA)","(NA)","(NA)","(NA)","(NA)","(NA)","(NA)","(NA)","(NA)",321886.8,328832.4,333698.6,322972.7,334517.3
"345",55000,"Wisconsin","PCE","205548.7","202181.9","204121","208381.7","207383","209944.2","213070.7","219644.4","224032.8",228425.9,233683.3,234813.5,233021.4,246726.6
"346",55000,"Wisconsin","Regional price parities","93.336","94.102","94.644","93.898","94.206","94.018","94.203","93.502","93.577",93.532,93.973,94.492,92.657,93.347
"347",55000,"Wisconsin","employment","3572816","3444538","3426369","3474372","3499342","3539199","3585944","3624473","3657732",3678859,3721096,3718385,3581998,3684969
"348",55000,"Wisconsin","healthcare expenditure","33173.7","34856.6","36525.1","37626.7","37931.5","38551.3","40057.2","41996.5","43334.3",44198,45427.1,47818.6,44725,49361.3
"349",55000,"Wisconsin","personal income","250486.5","244880.9","246424.8","255777","261757.1","260444.6","266920.4","280213.6","282116.3",287595,293686.6,300040.2,321084.8,326703.2
"350",NA,"Wisconsin","population",NA,NA,NA,NA,NA,NA,NA,NA,NA,NA,5807406,5822434,5896271,5880101
"351",56000,"Wyoming","GDP","(NA)","(NA)","(NA)","(NA)","(NA)","(NA)","(NA)","(NA)","(NA)",37620.3,37977.2,38558.2,36181.3,36929.5
"352",56000,"Wyoming","PCE","20985","20349.6","20940.6","21087.8","21768.5","22246","22415","22814.6","22675.7",22893.3,24388.6,24050.2,24182.2,26192.8
"353",56000,"Wyoming","Regional price parities","95.966","96.915","95.754","97.469","97.147","96.718","97.795","97.863","97.741",97.049,92.195,93.823,91.402,91.418
"354",56000,"Wyoming","employment","398989","387490","385075","390340","396724","400510","406401","406045","398144",398968,404591,408043,401701,420429
"355",56000,"Wyoming","healthcare expenditure","2714.7","2870","3078.5","3198.6","3346.4","3449.2","3651.6","3837.6","3989.2",4181.9,4309.7,4443.8,4329.9,4721.8
"356",56000,"Wyoming","personal income","30037.3","27405","28759.4","30128.1","32161.2","31911.3","33389.4","33514.3","31411.1",32095.1,34886.7,35840.6,37498.1,38263.6
"357",NA,"Wyoming","population",NA,NA,NA,NA,NA,NA,NA,NA,NA,NA,577601,578759,577605,579483
