"","state","year","death_rate","gdp","pce","rpp","employment","hc_exp","income","edu_level","diabetes_rate","cardio_rate","smoke_rate","elder_rate"
"1","Alabama",2018,44.9,45176.5980635807,37015.4680716683,87.154,550859.190687772,6064.90071672026,44902.3780398107,0.255,0.145,0.096,0.192,0.17
"2","Alabama",2019,44.6,45877.2410178282,37280.1352590204,88.288,553127.405961635,6386.97091788297,45608.4157542495,0.263,0.14,0.084,0.202,0.174
"3","Alabama",2020,50.8,44139.4199026029,36212.9578432242,87.451,530871.163712728,5987.04684735465,47598.4435228473,0.278,0.167,0.101,0.159,0.178
"4","Alabama",2021,46.8,45920.7270875191,38838.1348658949,88.139,548425.437132142,6677.56996946045,48887.4116161166,0.274,0.174,0.1,0.148,0.176
"5","Alaska",2018,27.5,71387.3158681556,44025.9597164618,104.514,618625.865312546,10258.3320977393,52968.4862318555,0.302,0.088,0.05,0.191,0.119
"6","Alaska",2019,25.3,71527.1104306639,45645.1756214587,102.82,621619.996035787,10809.5879269218,54604.7064773869,0.302,0.073,0.04,0.174,0.124
"7","Alaska",2020,26.8,68690.1625409491,43641.9651177545,100.789,587838.012997273,9755.45862252924,56161.1519900453,0.319,0.09,0.061,0.165,0.131
"8","Alaska",2021,26.4,69494.7574307188,44901.4004701831,104.439,603456.636092958,10877.411867902,54553.3668763331,0.328,0.092,0.063,0.152,0.134
"9","Arizona",2018,33,48393.0062262993,36154.6845889312,97.517,538520.267604579,5986.56836020667,42008.814164356,0.297,0.108,0.068,0.14,0.176
"10","Arizona",2019,32.3,49410.5898058683,36691.5350603685,97.847,539922.763860719,6250.96428395279,43551.1230894126,0.302,0.109,0.064,0.149,0.18
"11","Arizona",2020,32.7,50502.2811462431,36439.1611465439,99.323,545969.933187492,6285.3702320478,47537.7729321807,0.33,0.121,0.075,0.127,0.185
"12","Arizona",2021,30.5,53793.7806792875,40191.320513754,96.721,562542.490395914,6934.68038068642,49844.408928052,0.324,0.119,0.075,0.124,0.183
"13","Arkansas",2018,38.9,41987.5118490577,35772.0103411166,87.199,550949.868310578,6243.31128375839,45846.890737484,0.233,0.139,0.102,0.227,0.168
"14","Arkansas",2019,39.5,42155.1565310405,35791.0918005278,87.72,551367.815802484,6566.92747441517,45853.8062776774,0.233,0.136,0.09,0.202,0.174
"15","Arkansas",2020,45.6,42486.0369020584,35399.23594857,88.356,544035.472157574,6314.22320055604,48136.965259381,0.249,0.156,0.116,0.187,0.177
"16","Arkansas",2021,43.2,44769.9267070481,37726.4522367329,89.445,556927.362900174,6974.02548510265,49062.9835918104,0.253,0.159,0.113,0.178,0.174
"17","California",2018,37.1,72246.72002556,38342.7017686161,111.896,610149.444568728,7757.55907238198,50959.8473330572,0.342,0.104,0.049,0.112,0.143
"18","California",2019,37,74984.1916006599,39767.6207688947,110.989,613103.140261179,8219.14271945671,53367.5414820371,0.35,0.101,0.047,0.1,0.148
"19","California",2020,40.6,74051.2529944,37622.6129068573,111.919,586154.989513983,7829.28754905523,56970.2791931264,0.369,0.099,0.057,0.083,0.152
"20","California",2021,39.5,80376.7218504074,41165.0606873655,111.797,611464.489261947,8869.65944937626,59593.2385442901,0.362,0.121,0.053,0.089,0.152
"21","Colorado",2018,29.6,64169.0535023098,42071.9953149437,100.162,677874.96922928,6738.7569806267,53867.3062876639,0.417,0.07,0.045,0.145,0.142
"22","Colorado",2019,33.4,66611.1452235352,42072.8263980151,102.419,676319.942431811,6988.16545853118,55074.1343239211,0.427,0.07,0.04,0.135,0.147
"23","Colorado",2020,36.9,65848.0189252472,40769.5253043934,103.871,660599.858423662,6567.60356551104,56786.5110076035,0.442,0.088,0.056,0.117,0.151
"24","Colorado",2021,32.6,70029.3755421552,44820.4247692038,103.009,686405.633716535,7303.72238761846,59553.3320702762,0.444,0.085,0.056,0.113,0.151
"25","Connecticut",2018,18.5,76881.2158408745,45051.8546725204,104.116,648033.610339575,8174.97872054475,65534.3103216558,0.396,0.097,0.057,0.122,0.172
"26","Connecticut",2019,18.1,76913.6958679624,45468.7098121414,103.721,644523.147785858,8508.20705317693,67163.1484365775,0.398,0.096,0.047,0.121,0.176
"27","Connecticut",2020,20.3,71892.9593407614,42926.0107823455,104.922,616405.021235005,8084.34069187366,67550.4161104721,0.424,0.108,0.069,0.108,0.182
"28","Connecticut",2021,21.2,74198.2775631976,46808.7449339079,102.603,631887.021834736,8851.49260836987,70078.614985283,0.421,0.118,0.063,0.104,0.18
"29","Delaware",2018,32.7,73389.8924782414,42489.1685888559,99.214,618367.670348086,8828.26037645562,49450.6871718598,0.313,0.119,0.065,0.165,0.187
"30","Delaware",2019,25.9,76607.2682908795,43251.6502971973,98.779,619006.247920441,9135.88918875621,50419.9169408604,0.332,0.128,0.069,0.159,0.195
"31","Delaware",2020,35.1,73126.9793592269,42376.6825183396,96.542,596832.622057546,8538.83727071687,52644.6557552862,0.347,0.139,0.083,0.137,0.2
"32","Delaware",2021,29.7,74080.5945818451,45194.450277516,97.677,617384.233987223,9462.61321825982,53150.5055199655,0.356,0.132,0.073,0.118,0.201
"33","District of Columbia",2018,NA,196789.096097624,56105.4355588435,111.709,1303289.72969737,10408.5684922037,66956.3122641819,0.604,0.084,0.038,0.138,0.122
"34","District of Columbia",2019,NA,196765.98904143,57791.6511394278,109.546,1296795.31958246,10696.4374019659,68625.814560134,0.597,0.087,0.045,0.127,0.124
"35","District of Columbia",2020,NA,205349.338468969,57540.3805219507,111.256,1290991.67049256,10546.7841661847,74883.8817770411,0.636,0.091,0.049,0.106,NA
"36","District of Columbia",2021,NA,213334.65910875,61372.5364127209,111.271,1300463.07441338,11755.0923980735,75357.4734109759,0.63,0.095,0.046,0.091,0.128
"37","Florida",2018,19.2,49445.4022692281,40097.1045574212,100.463,591038.817581191,6883.9539534267,47205.4479322635,0.304,0.126,0.085,0.145,0.205
"38","Florida",2019,18.3,50250.6851629667,40903.9509143817,99.843,594157.336035915,7164.64215946028,49527.336143468,0.307,0.117,0.072,0.148,0.209
"39","Florida",2020,19.8,49485.7431832231,39512.0067521393,100.713,589153.612002667,6784.96064911248,51297.3421186736,0.337,0.13,0.09,0.134,0.213
"40","Florida",2021,19.6,53361.4860755663,43130.1046372906,101.43,616546.749966752,7753.21903188047,53143.2166537498,0.332,NA,NA,NA,0.211
"41","Georgia",2018,46.5,57171.2692002411,37127.793383985,94.763,598171.59542584,5996.47174029132,45845.8181141497,0.319,0.126,0.071,0.161,0.138
"42","Georgia",2019,41.9,58469.2161176964,37759.4826917982,94.313,602687.582476463,6370.18041006749,47555.1176589649,0.325,0.12,0.064,0.163,0.143
"43","Georgia",2020,45.9,56135.270761097,36438.9718083086,94.417,589631.725690291,6110.47073634358,49677.6928763443,0.348,0.141,0.087,0.145,0.147
"44","Georgia",2021,44.5,59254.1974071445,39304.8257471314,95.784,615465.160503369,6912.87537324937,50577.932261769,0.346,0.144,0.077,0.131,0.147
"45","Hawaii",2018,20.2,62534.7302147765,37836.4528052722,110.836,650680.384881525,7035.58302765113,44762.785681754,0.335,0.115,0.056,0.134,0.184
"46","Hawaii",2019,19.1,62820.1560593048,38534.4861682412,111.634,645551.999050762,7524.05584685621,45964.9601093884,0.336,0.105,0.049,0.123,0.19
"47","Hawaii",2020,22.8,54851.9237541548,35226.109770696,112.709,563523.617149871,7169.94603192324,45865.9736479208,0.355,0.111,0.048,0.106,0.196
"48","Hawaii",2021,23.9,58128.9206262775,37402.1009512464,113.227,595027.205121224,7780.44354643666,46513.5707740849,0.353,0.104,0.051,0.093,0.196
"49","Idaho",2018,35,44359.0420305552,35302.5587591458,91.682,594896.077544249,5957.66096784071,44069.073700855,0.277,NA,NA,0.147,0.159
"50","Idaho",2019,33.2,45471.9330298562,35194.8586089482,92.475,595214.499752387,6107.33241376223,45800.292658633,0.287,NA,NA,0.153,0.162
"51","Idaho",2020,36.7,44786.1293682356,34823.2372666696,90.959,582880.615530375,5720.52160878044,49071.2209915412,0.309,NA,NA,0.134,0.167
"52","Idaho",2021,40.5,46207.1381085262,37383.5932519532,91.776,597389.926241156,6392.69574240383,49412.5968721545,0.307,NA,NA,0.13,0.165
"53","Illinois",2018,25.3,66927.0178559878,40348.0967763208,100.556,619410.439507883,7155.54444363315,52701.7651634578,0.351,NA,NA,NA,0.156
"54","Illinois",2019,24.5,67708.106040955,41325.6232075879,99.548,620199.180528197,7447.2563966931,54265.0894453133,0.358,NA,NA,NA,0.161
"55","Illinois",2020,28.7,63364.0973583241,38921.0562949592,100.571,588039.882439245,7067.23768200723,55760.5473864004,0.376,NA,NA,NA,0.166
"56","Illinois",2021,26.6,67217.2138677831,42215.9704169852,101.412,610865.560779757,7799.01799310746,57453.5436140663,0.371,NA,NA,NA,0.166
"57","Indiana",2018,33.4,55076.2549815197,37714.5266438025,92.752,591998.473003572,7611.69783214002,47045.3948377544,0.271,0.125,0.082,0.211,0.157
"58","Indiana",2019,31.6,55114.7400285107,37808.8413344842,92.82,589642.582928452,8017.89127774958,48085.0518974502,0.269,0.124,0.073,0.192,0.161
"59","Indiana",2020,34.3,52908.4304896934,37296.9504620773,91.898,566096.30068588,7662.06217034854,51262.6460144129,0.289,0.139,0.086,0.183,0.165
"60","Indiana",2021,29.7,56365.9200543859,39777.240350526,92.735,583900.53792952,8598.18373202034,52792.3549782991,0.289,0.14,0.081,0.157,0.164
"61","Iowa",2018,31.7,60104.17903982,38121.2646310222,91.795,659497.277853331,6739.52826287597,49917.1700091913,0.29,NA,NA,0.166,0.17
"62","Iowa",2019,29.2,59687.5505139347,38254.9674016741,91.694,656234.568488179,7078.44833870564,50528.4193377643,0.293,NA,NA,0.164,0.175
"63","Iowa",2020,31.9,58653.0436088086,37273.8610110855,90.268,629925.176402594,6704.94403666303,53273.4736196123,0.295,NA,NA,0.146,0.179
"64","Iowa",2021,28.2,62066.9489747127,40264.1407591545,89.568,642299.172933953,7417.26290455388,55283.7064517531,0.305,NA,NA,0.141,0.178
"65","Kansas",2018,23.6,58322.2130970451,38225.5159875508,92.428,661521.303281388,6691.37677627527,51072.9525283553,0.338,0.116,0.068,0.172,0.159
"66","Kansas",2019,21.9,58473.5116091159,38546.617357415,92.771,660455.412633173,7020.11523646267,52320.6218073301,0.34,0.108,0.061,0.162,0.164
"67","Kansas",2020,25.3,57367.4086998314,37671.6989134146,92.249,639529.884928754,6683.94874058815,54727.7511735347,0.351,0.123,0.076,0.152,0.168
"68","Kansas",2021,22.6,58830.6292678975,40891.6914744503,91.157,653837.984806949,7375.55319712368,56011.4598004984,0.354,0.124,0.075,0.139,0.167
"69","Kentucky",2018,32.5,46162.9762530001,37369.5320469843,89.015,570744.379311806,6936.63723257194,43888.2279984569,0.248,0.137,0.1,0.234,0.164
"70","Kentucky",2019,32.1,47393.7327105184,37474.5868822539,89.529,570754.171131146,7226.11077399801,44977.4860425103,0.251,0.133,0.089,0.236,0.169
"71","Kentucky",2020,32.3,45766.2378575889,36797.587103115,89.039,548357.883457258,6871.58689678964,48138.0471641917,0.274,0.147,0.103,0.199,0.172
"72","Kentucky",2021,32.7,47611.4196346727,39633.5898392332,89.124,567680.789173364,8028.40019358322,49931.06759902,0.27,0.146,0.102,0.183,0.17
"73","Louisiana",2018,42.2,52625.8828376995,37427.7258787602,90.74,584861.010067193,6864.10469365988,47071.0927121761,0.243,0.141,0.083,0.205,0.155
"74","Louisiana",2019,41.4,52994.6261331434,37760.6536232838,91.21,584575.268338412,7229.44488398496,47801.4297901778,0.25,0.126,0.072,0.219,0.16
"75","Louisiana",2020,45.8,49192.1385551493,36975.9509715233,90.967,557400.749495234,7192.8239012964,50407.7035658637,0.272,0.16,0.096,0.164,0.164
"76","Louisiana",2021,42.9,50574.7663006057,40050.1134836565,91.276,582432.87693496,8304.06012580671,51494.2194870305,0.264,0.155,0.083,0.172,0.166
"77","Maine",2018,28.4,48396.9689117043,42421.7938444741,97.617,630233.067001629,8547.80640405898,46024.1797025817,0.315,0.106,0.083,0.178,0.206
"78","Maine",2019,25.9,49360.6663234668,44242.7236180007,94.86,626727.778058818,8888.77647275876,49229.4370233267,0.332,0.106,0.081,0.176,0.213
"79","Maine",2020,27.9,49444.6510120222,41445.4254570949,97.706,596308.771837188,8254.22039562703,50678.1894706272,0.335,0.113,0.085,0.145,0.218
"80","Maine",2021,27.4,51457.9905579137,44822.6813375756,97.205,616809.149907278,8881.4714668053,52003.865708033,0.36,0.117,0.09,0.133,0.217
"81","Maryland",2018,15.8,66682.2569726442,39363.6669990169,106.384,621778.679950071,7505.59743344795,53588.6863087954,0.408,0.12,0.061,0.125,0.154
"82","Maryland",2019,13.8,66551.0248640351,40075.6904103426,105.159,619373.66847071,7698.25726799963,55069.6861229837,0.409,0.11,0.051,0.127,0.159
"83","Maryland",2020,15.8,62938.5060110591,36907.7488921881,106.419,586681.472590008,7185.68393565417,55704.727123107,0.431,0.12,0.068,0.105,0.163
"84","Maryland",2021,16.1,65737.8036831476,39551.3562799918,106.223,607351.881333396,7842.89210168739,56929.7170185647,0.425,0.128,0.065,0.093,0.163
"85","Massachusetts",2018,19.5,79804.0430736193,45410.9363637619,107.621,705403.816997415,9388.51181269964,60891.9403687686,0.445,0.086,0.058,0.134,0.165
"86","Massachusetts",2019,17.7,82220.6678763869,46247.3211836107,107.369,706986.562066059,9811.00769923495,63278.0718412455,0.45,0.084,0.062,0.12,0.17
"87","Massachusetts",2020,18.6,79505.1380635242,42494.8279157183,109.117,657581.790260886,9100.7098759829,65084.7681492522,0.469,0.091,0.064,0.096,0.174
"88","Massachusetts",2021,17.7,84683.5124304511,47476.2829252799,106.555,683481.813928801,10141.2938198976,68055.4645484993,0.466,0.101,0.063,0.094,0.174
"89","Michigan",2018,34.3,51766.754085908,40340.2940203156,94.38,572423.956878516,7010.45625472252,46931.7228481525,0.296,0.117,0.077,0.189,0.172
"90","Michigan",2019,33.9,51852.6699641339,40360.4156943471,95.288,572075.17840698,7330.0538898274,47442.0731166973,0.3,0.111,0.068,0.187,0.177
"91","Michigan",2020,36.9,49901.1726113222,38930.5628230461,94.557,535051.373061649,6778.3482861296,50950.3328689974,0.321,0.133,0.084,0.156,0.182
"92","Michigan",2021,34.4,52951.4110280803,41891.2012388737,94.253,558070.711603203,7469.94471932465,52064.8161136474,0.317,0.122,0.08,0.155,0.181
"93","Minnesota",2018,33.7,65070.1922087299,42100.6451907505,99.729,673701.792410576,8322.08844095223,52869.717345769,0.367,0.089,0.056,0.151,0.158
"94","Minnesota",2019,34.9,65374.6024563305,42627.7459238475,98.994,670754.581149976,8467.55603911745,54357.8375326617,0.373,0.088,0.054,0.146,0.163
"95","Minnesota",2020,35,62720.9251658362,40614.8530644927,97.803,631802.015183581,7762.47790660774,57410.0869864928,0.379,0.1,0.066,0.13,0.168
"96","Minnesota",2021,33.1,65610.6456637878,42689.7904235179,98.423,649886.342765288,8662.75955878967,58376.887495358,0.389,0.104,0.065,0.122,0.168
"97","Mississippi",2018,46,36958.7590824617,34085.5814452771,86.095,537711.588650864,6141.62266606732,40646.5572186701,0.232,0.143,0.084,0.205,0.159
"98","Mississippi",2019,48.8,37141.2520004879,34095.5039549431,86.49,540063.014318168,6374.27763193308,41473.864379774,0.223,0.148,0.08,0.204,0.164
"99","Mississippi",2020,58,37149.7166632693,34128.7991343212,85.844,531850.915828556,6222.08339629517,44893.0933312509,0.245,0.172,0.099,0.174,0.169
"100","Mississippi",2021,52.8,38716.7894070558,36402.5324231943,86.601,551160.400137511,6909.17301614532,45965.6372114595,0.248,0.172,0.1,0.177,0.168
"101","Missouri",2018,32.9,51323.3827042273,40150.2510036962,91.922,617053.680045308,7253.41955883268,47451.7787194671,0.295,0.115,0.074,0.194,0.169
"102","Missouri",2019,34.1,52282.6174091167,40287.2832072327,92.561,615805.024515155,7572.48801941139,48304.0452775984,0.302,0.103,0.074,0.196,0.172
"103","Missouri",2020,34.9,51231.1183721542,39156.0738238784,92.219,600035.944113079,7163.57073889202,51003.2989935973,0.319,0.119,0.081,0.162,0.177
"104","Missouri",2021,33,53505.1815911089,42274.0004048738,92.022,615314.896391679,7892.33337812122,52141.1716349075,0.317,0.127,0.082,0.157,0.176
"105","Montana",2018,21.7,46626.4089038481,41452.7678390444,92.356,644918.989501869,7650.48342313549,47967.4543800352,0.317,0.093,0.068,0.18,0.188
"106","Montana",2019,22.6,47080.7782345819,41106.665743494,94.199,641853.59354328,7996.23495244101,48968.728772486,0.336,0.076,0.067,0.166,0.195
"107","Montana",2020,23.8,46141.8025435228,41561.1618333602,91.649,629259.250741669,7507.76165397972,53240.7607570775,0.346,0.105,0.073,0.142,0.197
"108","Montana",2021,24.7,47867.2098945334,45151.4924152095,91.567,647404.194618284,8275.42629134888,53856.8485491676,0.348,0.099,0.069,0.129,0.197
"109","Nebraska",2018,27.4,65196.5554882754,41066.5896695807,91.768,690904.303770122,7527.41722899813,52885.3653951415,0.324,0.097,0.058,0.16,0.158
"110","Nebraska",2019,30.3,65902.2295193155,41010.7381689902,92.382,686716.039222336,7899.52274804488,54030.7939173122,0.332,0.102,0.058,0.147,0.161
"111","Nebraska",2020,32.2,64652.9524997427,39696.337895551,92.454,665251.737199143,7481.14021813453,56023.003685848,0.333,0.115,0.068,0.127,0.165
"112","Nebraska",2021,29.6,67986.7729637178,43544.4607074723,91.751,679601.375872525,8395.49103309611,57872.7654039563,0.344,0.111,0.063,0.124,0.164
"113","Nevada",2018,23.6,55705.1551179732,38081.5045282312,96.177,610730.670908893,5996.45035032393,47547.633385205,0.249,0.107,0.07,0.157,0.157
"114","Nevada",2019,21.6,57065.713554768,37569.8178923405,98.826,611705.381156019,6177.7715154687,48343.5254578015,0.257,0.109,0.071,0.157,0.162
"115","Nevada",2020,28.7,53213.2962388562,36881.2523109157,97.115,568384.490160634,5782.93825233146,51467.335206031,0.28,0.118,0.09,0.141,0.165
"116","Nevada",2021,26.1,57558.7289863152,40551.4298554349,95.543,607955.372517561,6441.13498529431,54628.8109402422,0.276,0.123,0.074,0.142,0.165
"117","New Hampshire",2018,26.4,60784.3571869239,45699.5932661724,103.727,659480.666289856,8612.26555544473,54722.8779466037,0.368,0.103,0.061,0.156,0.181
"118","New Hampshire",2019,27.8,61800.779724515,46212.7613882656,104.061,654603.809191806,8903.36255277776,57223.9247899002,0.376,0.092,0.055,0.159,0.186
"119","New Hampshire",2020,26.1,60338.6656047098,44104.5070060867,105.258,622718.043910178,8249.67883782453,58742.1758655783,0.402,0.107,0.072,0.125,0.193
"120","New Hampshire",2021,23.5,64785.4241966696,47913.3408528258,102.51,644854.613136529,8970.56226824408,62012.1729291066,0.402,0.106,0.075,0.11,0.193
"121","New Jersey",2018,22.7,68297.3770611719,41485.8499722879,111.004,624583.095366038,7892.49411294701,56138.5433869475,0.408,0.108,0.06,0.131,0.161
"122","New Jersey",2019,21.7,69477.3135904546,42097.5119874716,111.239,627237.764560317,8332.93365712735,58460.6386488017,0.412,NA,NA,NA,0.166
"123","New Jersey",2020,22.1,64278.8385158303,39259.1792067227,110.661,573730.848823769,7645.61882953581,58371.2093880629,0.431,0.108,0.069,0.102,0.17
"124","New Jersey",2021,20.6,67869.4375170547,43359.8932926023,109.099,602636.761203462,8415.40010796334,61233.3824020192,0.431,0.114,0.066,0.103,0.169
"125","New Mexico",2018,22.4,45909.6467264702,35876.4414707792,91.658,530685.35475723,6210.8497898211,41817.0714866293,0.277,0.125,0.062,0.152,0.176
"126","New Mexico",2019,21.3,47903.8586360643,35474.2327581314,92.743,532634.754670028,6443.58695916548,43056.7299479357,0.277,0.123,0.055,0.16,0.18
"127","New Mexico",2020,26.6,46031.1368539315,34479.0147234456,91.634,504879.177110919,6100.67079244143,46039.633872894,0.301,0.13,0.065,0.145,0.185
"128","New Mexico",2021,24.6,47041.8018431721,38491.5128760789,89.907,516204.881519476,6985.24148937226,48525.2119241623,0.301,0.138,0.059,0.131,0.185
"129","New York",2018,13.9,85261.4886440085,42090.9793172688,109.573,647972.122979254,8567.42410825079,56705.7192162087,0.372,0.11,0.062,0.128,0.164
"130","New York",2019,13.7,87888.8291968756,43112.6722762994,109.583,655188.939444043,9260.98311769244,58253.0879564929,0.378,0.105,0.06,0.127,0.169
"131","New York",2020,14,82083.8921408358,39257.6277970048,110.104,590384.137969722,8717.91921105597,58810.7515425474,0.395,0.107,0.079,0.112,0.174
"132","New York",2021,13.6,86842.3968142603,42016.9777734268,109.504,615781.388707094,9596.67514910745,60804.1942053911,0.399,0.124,0.07,0.119,0.175
"133","North Carolina",2018,37.9,53611.4756711745,37195.6482685979,92.837,583305.872930175,6299.56899769448,45729.7539929963,0.319,0.125,0.081,0.174,0.163
"134","North Carolina",2019,36.9,54202.0449111582,38406.3476226926,91.907,586291.166241613,6551.40633885083,47801.1808448521,0.323,0.118,0.068,0.185,0.167
"135","North Carolina",2020,37.5,54050.1816125163,38379.9426668115,91.445,579450.583260642,6180.7301727508,51263.5838554105,0.348,0.134,0.075,0.151,0.171
"136","North Carolina",2021,36.7,56532.5195191884,40474.2432839275,93.805,598019.474942232,7227.86590995454,51876.0614941389,0.349,0.138,0.078,0.129,0.17
"137","North Dakota",2018,33.8,77190.2701561841,45528.4402701562,91.225,762976.203039257,8964.09349936682,57178.1342338539,0.297,0.094,0.066,0.191,0.153
"138","North Dakota",2019,37.6,77608.2523469219,44475.7775614058,93.366,762937.923685999,9681.36450839958,56816.2432977894,0.304,0.089,0.058,0.17,0.158
"139","North Dakota",2020,39.7,71453.2570126668,42317.4320541668,92.246,718967.361882599,9058.67471950616,59509.3378215769,0.318,0.109,0.087,0.151,0.161
"140","North Dakota",2021,32.8,71215.5529903565,45566.5904819689,91.103,729925.674928721,10066.5352073569,61204.935123031,0.317,0.113,0.074,0.131,0.16
"141","Ohio",2018,34.9,56200.1400952576,39398.5752899817,92.954,605273.518476379,7720.3038177799,48463.7353431182,0.29,0.122,0.079,0.205,0.171
"142","Ohio",2019,33.6,57671.1124038634,39595.4350634352,93.28,604974.891137898,8213.01896638749,49311.657869297,0.293,0.12,0.075,0.208,0.175
"143","Ohio",2020,38,55485.090633902,38726.9287257649,92.102,580883.163804723,7538.99316271381,52442.0604776412,0.306,0.136,0.095,0.186,0.179
"144","Ohio",2021,34.2,58329.3481267376,41297.6688368971,92.459,599124.540922051,8322.30990904549,53437.7273289063,0.307,0.139,0.084,0.16,0.178
"145","Oklahoma",2018,37.9,49750.9666301629,35474.5846377183,89.81,586833.272634754,6454.51349982933,47679.7196106324,0.256,0.125,0.088,0.197,0.157
"146","Oklahoma",2019,37.9,50407.7740271536,35626.5941802454,89.573,583873.624547665,6652.81600496946,49341.7818831627,0.262,0.122,0.082,0.189,0.161
"147","Oklahoma",2020,38.2,48109.9454414121,34862.0599902343,89.829,571751.655522241,6326.19336822608,50721.6553608252,0.27,0.147,0.062,0.178,0.164
"148","Oklahoma",2021,36,48485.8658682485,36989.4706512412,90.269,579868.837261743,7042.72497792031,51710.2894474754,0.279,0.148,0.09,0.152,0.162
"149","Oregon",2018,35.6,56029.3370024912,36486.8626260974,104.616,614571.75064074,7229.75231749502,44742.5635227742,0.34,0.11,0.07,0.156,0.176
"150","Oregon",2019,37.2,56881.3323353258,37417.9091773622,103.924,611531.491887711,7609.86282454311,46222.1802829337,0.345,0.086,0.06,0.145,0.182
"151","Oregon",2020,37,55991.0195898742,36710.2298226416,103.427,587409.285960806,7170.89989033628,49708.1720083066,0.363,0.104,0.086,0.127,0.186
"152","Oregon",2021,41,58759.801057303,40012.0668157633,103.032,601390.268216463,7970.74736960567,51737.9292488948,0.363,0.106,0.069,0.117,0.186
"153","Pennsylvania",2018,20.7,59671.9048831014,42373.5493427739,98.152,606478.814572888,8190.23817190668,52608.3824274533,0.318,0.113,0.072,0.17,0.182
"154","Pennsylvania",2019,21.2,60344.4902194495,42955.926614216,98.078,607134.250779312,8423.51918908851,53716.481087431,0.323,0.108,0.067,0.173,0.187
"155","Pennsylvania",2020,23.2,56675.8244295252,40551.805233623,97.783,570463.598277417,7864.34044098861,55993.6865305469,0.34,0.121,0.078,0.141,0.191
"156","Pennsylvania",2021,22.7,58761.0000846138,43849.3016362745,96.371,587942.53853291,8467.85278179264,57647.9786942251,0.345,0.119,0.079,0.131,0.19
"157","Rhode Island",2018,29.2,55504.886670629,39152.9896899423,102.254,612997.230429931,7812.15303599118,49159.6325004465,0.344,0.109,0.071,0.146,0.173
"158","Rhode Island",2019,28.9,56511.9916628987,39440.7572111867,102.408,614516.675618604,8188.52119343642,51345.8584939412,0.348,0.104,0.061,0.133,0.177
"159","Rhode Island",2020,31.9,53044.6164300471,36661.7260077804,101.954,561564.106189201,7484.32290930319,53058.3894668193,0.38,0.125,0.093,0.125,0.182
"160","Rhode Island",2021,29.7,55403.9480940943,39693.888248244,102.083,583651.554032188,8144.96096117996,54638.2129199579,0.365,0.115,0.071,0.109,0.183
"161","South Carolina",2018,44.3,45565.7340176029,37120.005759068,92.221,559324.694206865,5706.37486339916,43754.7943060756,0.283,0.133,0.077,0.18,0.177
"162","South Carolina",2019,37.9,46130.2375700029,37877.3417983597,91.572,559822.122572743,5926.85862916449,45827.1327558687,0.296,0.134,0.075,0.175,0.182
"163","South Carolina",2020,40.4,45541.5476062424,37899.0180535355,91.035,550529.360963146,5701.88360995883,48675.0386995094,0.317,0.154,0.078,0.155,0.187
"164","South Carolina",2021,40.9,47148.3648247558,39956.0700337707,93.693,565797.515474848,6431.67517319544,48554.2238737627,0.315,0.16,0.085,0.141,0.186
"165","South Dakota",2018,36.3,59107.6797716622,41514.6045626598,91.395,694412.642341282,9265.52695010117,52610.7946074761,0.292,0.093,0.071,0.19,0.166
"166","South Dakota",2019,40.5,59186.7600962631,41968.3742549389,91.863,689898.593695424,9868.43518236971,54735.2143594311,0.297,0.106,0.069,0.183,0.174
"167","South Dakota",2020,39.7,59351.3847165856,41864.7689398163,90.721,682864.026654682,9513.18935930317,60089.5022409352,0.284,0.095,0.089,0.158,0.176
"168","South Dakota",2021,35.6,61529.3629291067,45762.4943648707,90.147,697986.082904468,10415.9506518896,61977.6067773309,0.317,0.127,0.081,0.129,0.176
"169","Tennessee",2018,45,53512.0268662011,38127.5057663361,89.579,608450.608132664,6560.00009451194,48664.9375903678,0.275,0.138,0.09,0.207,0.163
"170","Tennessee",2019,41.1,54192.2493115566,37989.9677471975,91.214,610471.486009875,6735.03120582372,49551.834526401,0.287,0.138,0.078,0.199,0.167
"171","Tennessee",2020,44.4,52927.427858795,37215.9947002571,90.541,595043.562171121,6487.53562677935,52145.5482896186,0.307,0.149,0.067,0.181,0.171
"172","Tennessee",2021,37.7,56911.0539925443,40468.2973059193,90.854,617286.93058085,7159.94357919112,54057.9256125301,0.305,0.151,0.089,0.174,0.17
"173","Texas",2018,38.4,61006.799967557,37171.5748124625,97.831,615078.746596157,5871.05944789743,48986.211931775,0.303,0.126,0.067,0.144,0.125
"174","Texas",2019,38.6,62178.2383504747,37304.9779035857,98.528,617385.586594179,6128.82222823304,49792.027357265,0.308,0.122,0.058,0.147,0.129
"175","Texas",2020,44.6,60623.8664575568,36431.2921307995,98.745,605516.419855535,5817.06495317502,50795.8101664608,0.332,0.133,0.057,0.128,0.132
"176","Texas",2021,41.9,63381.1028732363,39570.5058218746,98.502,627876.802031364,6522.34808482491,52666.611274371,0.331,0.128,0.067,0.124,0.132
"177","Utah",2018,42.1,57746.3493523172,34735.1714734188,95.826,656320.020294589,5423.60197238033,44477.9058521349,0.349,0.084,0.041,0.09,0.111
"178","Utah",2019,39,60106.4330849001,34974.5380320017,97.125,655977.090155267,5584.44620921422,45975.55551258,0.348,0.08,0.039,0.079,0.114
"179","Utah",2020,42.9,59307.6891453003,35253.6173957796,95.185,650392.154175745,5231.49353566083,49489.0499834794,0.369,0.097,0.075,0.071,0.117
"180","Utah",2021,40.7,62883.5262538285,38986.1019977461,94.592,673840.9272163,5709.83970892869,51357.1418517433,0.368,0.096,0.054,0.065,0.116
"181","Vermont",2018,37.7,52578.4886235141,44245.6090896569,100.3,700977.644236159,8941.98520720484,49613.5230108367,0.387,0.092,0.061,0.137,0.198
"182","Vermont",2019,35.1,53218.2458344618,45026.1142423985,99.456,694630.834838435,9331.89527379489,52268.5496058424,0.387,0.087,0.068,0.151,0.201
"183","Vermont",2020,31,50252.6859057417,40702.1075046703,102.073,636678.265278981,8598.00931103621,52399.6994834288,0.421,0.089,0.071,0.119,0.206
"184","Vermont",2021,38.8,52337.3499935082,44403.0035302919,98.66,651072.998522347,9257.58765448891,54293.8488837229,0.444,0.096,0.072,0.128,0.206
"185","Virginia",2018,27.1,62080.9016424103,38985.9840028909,102.096,623325.576859783,6360.46122904229,51591.22984452,0.393,0.105,0.06,0.149,0.155
"186","Virginia",2019,26.9,63390.4276939692,40090.0050717478,100.152,624399.875391291,6745.43633492,54156.9411303519,0.396,0.109,0.056,0.14,0.159
"187","Virginia",2020,28.7,61810.9294872871,38097.2969167615,101.1,604960.753066849,6289.66391480965,55490.4891129722,0.42,0.126,0.067,0.124,0.163
"188","Virginia",2021,27.5,65018.3976302258,40730.1644322493,102.278,622902.927160862,7051.88010439666,56140.176601079,0.418,0.122,0.065,0.106,0.163
"189","Washington",2018,45.2,74667.1293718697,39745.6415043909,107.175,603126.130983939,7276.77475511602,52164.4382697253,0.367,0.099,0.058,0.12,0.154
"190","Washington",2019,42.2,77339.2876301742,40021.8492892809,108.036,603071.113408947,7584.46638711798,54329.8638602013,0.37,0.094,0.055,0.126,0.159
"191","Washington",2020,42.9,76436.901923361,38496.4664175998,107.899,574277.601941266,6990.63740163653,57136.034280546,0.384,0.098,0.118,0.108,0.162
"192","Washington",2021,45.5,81493.4221447677,41096.0702102963,108.885,591188.057480255,7847.48754803317,58761.0624042001,0.39,0.099,0.059,0.098,0.162
"193","West Virginia",2018,31,42901.3390855466,38186.4677039347,89.207,497749.531533439,8568.57347290432,42967.7363573836,0.213,0.162,0.128,0.252,0.2
"194","West Virginia",2019,32.3,42846.1504552919,39073.6362586328,88.323,491942.904237208,9056.06515536951,44533.7910338828,0.211,0.157,0.119,0.238,0.205
"195","West Virginia",2020,35.9,41281.7206461913,38250.8847729734,87.365,469384.064038584,8713.36704960311,46695.5264538746,0.231,0.171,0.061,0.22,0.209
"196","West Virginia",2021,35.4,42295.9396838803,39159.6089891718,90.763,484176.091527091,9572.8093570186,46277.1754653811,0.241,0.169,0.116,0.199,0.207
"197","Wisconsin",2018,31.7,56622.9397428043,40238.8432976789,93.973,640750.104263418,7822.27039060124,50571.0466945139,0.3,0.087,0.058,0.164,0.17
"198","Wisconsin",2019,30.5,57312.5603484728,40329.0960447126,94.492,638630.68263204,8212.81958713486,51531.7477192528,0.313,0.087,0.054,0.154,0.175
"199","Wisconsin",2020,33.2,54775.7557276455,39520.1306045804,92.657,607502.267110857,7585.30264297554,54455.5703087596,0.318,0.1,0.072,0.131,0.18
"200","Wisconsin",2021,33,56889.7200915426,41959.5853880741,93.347,626684.643682141,8394.6347180091,55560.8143465563,0.325,0.099,0.062,0.113,0.179
"201","Wyoming",2018,41.5,65749.8861670946,42223.9573684949,92.195,700467.97010393,7461.37904885899,60399.3067879038,0.269,0.087,0.058,0.188,0.167
"202","Wyoming",2019,34.4,66622.2037151906,41554.7749581432,93.823,705030.936883919,7678.15273714966,61926.6395857343,0.291,0.078,0.058,0.184,0.171
"203","Wyoming",2020,32.1,62640.2126020377,41866.327334424,91.402,695459.699967971,7496.29937413977,64919.9712606366,0.282,0.097,0.084,0.17,0.178
"204","Wyoming",2021,32.7,63728.35786382,45200.2906038659,91.418,725524.303560243,8148.29770674895,66030.5824329618,0.292,0.099,0.063,0.155,0.179
